id,device_id,timestamp,is_event,air_temp,air_humid,air_pressure,gas_resistance,iaq,static_iaq,eco2,bvoc,accuracy,food_temp,door1_open,door2_open,batt_voltage,batt_percent,rssi,memory_free,scale1,scale2,scale3,scale4
1069,BeaconHill,2026-01-22 00:15:24.417,False,7.51,84.8,10.0,248002.0,48.0,37.0,433.0,0.37,2,0.0,False,False,3.58,2.0,-79,111132,9.36,-0.41,3.54,0.49
1070,BeaconHill,2026-01-22 00:45:24.467,False,6.8,84.4,10.0,251845.0,69.0,193.0,1930.0,12.81,3,0.0,False,False,3.58,2.0,-78,111376,9.33,-0.44,3.54,0.5
1071,BeaconHill,2026-01-22 01:15:24.863,False,5.81,85.7,10.0,258130.0,87.0,322.0,3215.0,235.86,3,0.0,False,False,3.58,2.0,-79,111396,9.22,-0.48,3.55,0.56
1072,BeaconHill,2026-01-22 01:19:57.723,True,5.67,85.9,10.0,259898.0,90.0,339.0,3387.0,348.46,3,0.0,False,True,3.58,2.0,-79,112976,9.2,-0.49,3.55,0.57
1073,BeaconHill,2026-01-22 01:20:02.117,True,5.67,85.9,10.0,259898.0,90.0,339.0,3387.0,348.46,3,0.0,False,False,3.58,2.0,-82,112976,9.2,-0.5,3.55,0.56
1074,BeaconHill,2026-01-22 01:50:05.983,False,4.93,86.5,10.0,263510.0,106.0,449.0,4491.0,1000.0,3,0.0,False,False,3.58,2.0,-83,112976,9.09,-0.49,3.57,0.66
1075,BeaconHill,2026-01-22 01:56:12.673,True,4.76,86.6,10.0,262497.0,110.0,478.0,4776.0,1000.0,3,0.0,False,True,3.57,2.0,-79,112976,9.07,-0.49,3.57,0.67
1076,BeaconHill,2026-01-22 01:56:16.313,True,4.76,86.6,10.0,262497.0,110.0,478.0,4776.0,1000.0,3,0.0,True,True,3.57,2.0,-81,112976,9.07,-0.52,3.57,0.64
1077,BeaconHill,2026-01-22 01:56:18.847,True,4.76,86.6,10.0,262497.0,110.0,478.0,4776.0,1000.0,3,0.0,False,True,3.57,2.0,-84,112976,9.06,-0.52,3.57,0.64
1078,BeaconHill,2026-01-22 01:56:34.507,True,4.76,86.6,10.0,262497.0,110.0,478.0,4776.0,1000.0,3,0.0,True,True,3.57,2.0,-85,112976,9.09,-0.59,6.88,0.61
1079,BeaconHill,2026-01-22 01:56:36.927,True,4.76,86.6,10.0,262497.0,110.0,478.0,4776.0,1000.0,3,0.0,False,True,3.57,2.0,-83,112976,9.09,-0.6,6.88,1.46
1080,BeaconHill,2026-01-22 01:57:27.677,True,4.76,86.6,10.0,262497.0,110.0,478.0,4776.0,1000.0,3,0.0,False,False,3.57,2.0,-83,112976,9.1,0.71,6.87,7.68
1081,BeaconHill,2026-01-22 02:02:18.547,True,4.66,86.7,10.0,259503.0,114.0,501.0,5012.0,1000.0,3,0.0,False,True,3.57,2.0,-80,112976,9.08,0.76,6.85,7.83
1082,BeaconHill,2026-01-22 02:02:20.107,True,4.66,86.7,10.0,259503.0,114.0,501.0,5012.0,1000.0,3,0.0,True,True,3.57,2.0,-82,112976,9.08,0.74,6.85,7.81
1083,BeaconHill,2026-01-22 02:02:22.203,True,4.66,86.7,10.0,259503.0,114.0,501.0,5012.0,1000.0,3,0.0,True,False,3.57,2.0,-81,112976,9.07,0.73,6.85,7.81
1084,BeaconHill,2026-01-22 02:02:51.757,True,4.66,86.7,10.0,259503.0,114.0,501.0,5012.0,1000.0,3,0.0,False,False,3.57,2.0,-85,112976,9.17,0.83,6.78,6.37
1085,BeaconHill,2026-01-22 02:03:09.147,True,4.66,86.7,10.0,259503.0,114.0,501.0,5012.0,1000.0,3,0.0,True,False,3.57,2.0,-85,112976,9.14,1.01,6.77,6.35
1086,BeaconHill,2026-01-22 02:03:13.320,True,4.66,86.7,10.0,259503.0,114.0,501.0,5012.0,1000.0,3,0.0,False,False,3.57,2.0,-85,112976,9.14,0.95,6.77,6.33
1087,BeaconHill,2026-01-22 02:33:20.070,False,5.19,86.0,10.0,249452.0,105.0,432.0,4322.0,1000.0,3,0.0,False,False,3.57,2.0,-85,112940,9.09,0.61,6.79,6.21
1088,BeaconHill,2026-01-22 03:00:31.347,True,4.83,86.3,10.0,244976.0,116.0,498.0,4978.0,1000.0,3,0.0,True,False,3.57,2.0,-80,112940,7.84,0.62,6.74,6.39
1089,BeaconHill,2026-01-22 03:01:01.897,True,4.83,86.3,10.0,244976.0,116.0,498.0,4978.0,1000.0,3,0.0,False,False,3.57,2.0,-83,112940,7.83,0.62,6.76,6.25
1090,BeaconHill,2026-01-22 03:31:02.190,False,4.46,87.5,10.0,262295.0,115.0,482.0,4819.0,1000.0,3,0.0,False,False,3.57,2.0,-84,111364,7.77,0.65,6.82,6.39
1091,BeaconHill,2026-01-22 04:01:02.117,False,4.17,88.1,10.0,262497.0,121.0,512.0,5119.0,1000.0,3,0.0,False,False,3.56,2.0,-80,111364,7.71,0.64,6.82,6.41
1092,BeaconHill,2026-01-22 04:31:02.437,False,3.7,88.3,10.0,247642.0,139.0,620.0,6201.0,1000.0,3,0.0,False,False,3.56,2.0,-79,111128,7.67,0.64,6.83,6.47
1093,BeaconHill,2026-01-22 05:01:03.283,False,3.32,88.6,10.0,263918.0,144.0,637.0,6371.0,1000.0,3,0.0,False,False,3.55,2.0,-82,111388,7.6,0.64,6.83,6.52
1094,BeaconHill,2026-01-22 05:31:03.427,False,3.13,88.3,10.0,248002.0,157.0,709.0,7091.0,1000.0,3,0.0,False,False,3.55,2.0,-79,111388,7.56,0.63,6.84,6.57
1095,BeaconHill,2026-01-22 05:50:54.267,True,2.97,87.7,10.0,278791.0,155.0,685.0,6849.0,1000.0,3,0.0,False,True,3.55,2.0,-79,112956,7.54,0.63,6.86,6.61
1096,BeaconHill,2026-01-22 05:50:59.987,True,2.97,87.7,10.0,278791.0,155.0,685.0,6849.0,1000.0,3,0.0,False,False,3.55,2.0,-77,112956,7.55,0.61,5.89,7.68
1097,BeaconHill,2026-01-22 06:21:06.093,False,2.61,88.3,10.0,263104.0,170.0,760.0,7599.0,1000.0,3,0.0,False,False,3.55,2.0,-79,112956,7.51,0.5,5.98,7.99
1098,BeaconHill,2026-01-22 06:51:06.493,False,2.27,88.7,10.0,256192.0,181.0,813.0,8128.0,1000.0,3,0.0,False,False,3.54,2.0,-76,111372,7.45,0.5,5.99,8.06
1099,BeaconHill,2026-01-22 07:21:06.437,False,2.01,88.9,10.0,265354.0,186.0,822.0,8218.0,1000.0,3,0.0,False,False,3.54,2.0,-77,111128,7.4,0.51,6.01,8.13
1100,BeaconHill,2026-01-22 07:51:06.803,False,2.01,88.8,10.0,273870.0,183.0,793.0,7929.0,1000.0,3,0.0,False,False,3.54,1.0,-76,111388,7.36,0.52,6.04,8.18
1101,BeaconHill,2026-01-22 08:21:06.810,False,1.6,88.5,10.0,279019.0,198.0,859.0,8590.0,1000.0,3,0.0,False,False,3.53,1.0,-77,111144,7.3,0.51,6.06,8.25
1102,BeaconHill,2026-01-22 08:51:06.787,False,1.23,89.0,10.0,279476.0,200.0,901.0,9006.0,1000.0,3,0.0,False,False,3.53,1.0,-77,111388,7.25,0.52,6.08,8.34
1103,BeaconHill,2026-01-22 09:21:07.123,False,1.31,89.1,10.0,283186.0,195.0,855.0,8550.0,1000.0,3,0.0,False,False,3.53,1.0,-79,111392,7.22,0.54,6.09,8.38
1104,BeaconHill,2026-01-22 09:51:07.067,False,1.25,88.8,10.0,288207.0,197.0,849.0,8490.0,1000.0,3,0.0,False,False,3.52,1.0,-79,111392,7.21,0.54,6.08,8.39
1105,BeaconHill,2026-01-22 10:21:07.580,False,0.76,88.6,10.0,292404.0,200.0,933.0,9326.0,1000.0,2,0.0,False,False,3.52,1.0,-78,111132,7.15,0.54,6.1,8.48
1106,BeaconHill,2026-01-22 10:51:07.510,False,0.59,89.1,10.0,294676.0,198.0,928.0,9279.0,1000.0,3,0.0,False,False,3.51,1.0,-79,111132,7.12,0.54,6.11,8.54
1107,BeaconHill,2026-01-22 11:21:07.910,False,0.56,88.9,10.0,296211.0,199.0,918.0,9177.0,1000.0,3,0.0,False,False,3.51,1.0,-78,111376,7.1,0.54,6.11,8.56
1108,BeaconHill,2026-01-22 11:51:07.867,False,0.24,88.8,10.0,302779.0,200.0,957.0,9565.0,1000.0,2,0.0,False,False,3.5,1.0,-78,111376,7.06,0.53,6.12,8.61
1109,BeaconHill,2026-01-22 12:21:08.237,False,-0.01,88.9,10.0,301442.0,200.0,987.0,9869.0,1000.0,2,0.0,False,False,3.5,1.0,-79,111396,7.02,0.53,6.13,8.66
1110,BeaconHill,2026-01-22 12:51:08.217,False,-0.19,89.0,10.0,298804.0,200.0,1008.0,10085.0,1000.0,2,0.0,False,False,3.49,1.0,-77,111396,6.99,0.52,6.13,8.69
1111,BeaconHill,2026-01-22 13:21:08.190,False,-0.45,89.2,10.0,298804.0,200.0,1036.0,10358.0,1000.0,2,0.0,False,False,3.48,1.0,-76,111152,6.97,0.52,6.13,8.73
1112,BeaconHill,2026-01-22 13:39:25.130,True,-0.57,89.2,10.0,298281.0,200.0,1046.0,10460.0,1000.0,2,0.0,True,False,3.48,1.0,-77,112968,6.96,0.52,6.13,8.73
1113,BeaconHill,2026-01-22 13:39:27.570,True,-0.57,89.2,10.0,298281.0,200.0,1046.0,10460.0,1000.0,2,0.0,False,False,3.48,1.0,-76,112968,6.96,0.53,6.13,8.73
1114,BeaconHill,2026-01-22 13:39:30.750,True,-0.57,89.2,10.0,298281.0,200.0,1046.0,10460.0,1000.0,2,0.0,False,True,3.48,1.0,-74,112968,6.96,0.51,6.13,8.72
1115,BeaconHill,2026-01-22 13:40:22.623,True,-0.57,89.2,10.0,298281.0,200.0,1046.0,10460.0,1000.0,2,0.0,True,True,3.48,1.0,-76,112968,6.72,0.4,5.82,8.91
1116,BeaconHill,2026-01-22 13:40:41.670,True,-0.57,89.2,10.0,298281.0,200.0,1046.0,10460.0,1000.0,2,0.0,False,True,3.48,1.0,-78,112968,5.72,0.43,5.75,8.76
1117,BeaconHill,2026-01-22 13:40:46.173,True,-0.57,89.2,10.0,298281.0,200.0,1046.0,10460.0,1000.0,2,0.0,False,False,3.48,1.0,-77,112968,5.71,0.43,5.75,8.81
1118,BeaconHill,2026-01-22 14:10:48.700,False,-0.68,89.5,10.0,302511.0,200.0,1032.0,10317.0,1000.0,2,0.0,False,False,3.47,1.0,-77,111144,5.66,0.6,5.76,9.26
1119,BeaconHill,2026-01-22 14:40:49.737,False,-0.4,89.2,10.0,298281.0,193.0,973.0,9734.0,1000.0,3,0.0,False,False,3.47,1.0,-78,111392,5.67,0.6,5.76,9.26
1120,BeaconHill,2026-01-22 15:03:55.783,True,-0.3,88.8,10.0,296211.0,192.0,951.0,9513.0,1000.0,3,0.0,True,False,3.46,0.0,-78,112972,5.68,0.61,5.76,9.25
1121,BeaconHill,2026-01-22 15:04:00.627,True,-0.3,88.8,10.0,296211.0,192.0,951.0,9513.0,1000.0,3,0.0,True,True,3.46,0.0,-76,112972,5.68,0.63,5.76,9.27
1122,BeaconHill,2026-01-22 15:04:06.333,True,-0.3,88.8,10.0,296211.0,192.0,951.0,9513.0,1000.0,3,0.0,False,True,3.46,0.0,-78,112972,5.67,0.61,5.74,9.25
1123,BeaconHill,2026-01-22 15:04:09.503,True,-0.3,88.8,10.0,296211.0,192.0,951.0,9513.0,1000.0,3,0.0,False,False,3.46,0.0,-78,112972,5.67,0.6,5.75,9.26
1124,BeaconHill,2026-01-22 15:34:10.740,False,-0.19,88.9,10.0,288451.0,190.0,923.0,9225.0,1000.0,3,0.0,False,False,3.45,0.0,-86,112956,5.63,0.54,5.81,9.3
1125,BeaconHill,2026-01-22 15:57:41.373,True,-0.06,88.6,10.0,286996.0,188.0,894.0,8938.0,1000.0,3,0.0,False,True,3.45,0.0,-79,112952,5.65,0.57,5.8,9.29
1126,BeaconHill,2026-01-22 15:57:45.343,True,-0.06,88.6,10.0,286996.0,188.0,894.0,8938.0,1000.0,3,0.0,False,False,3.45,0.0,-80,112952,5.65,0.56,5.8,9.27
1127,BeaconHill,2026-01-22 15:57:51.907,True,-0.06,88.6,10.0,286996.0,188.0,894.0,8938.0,1000.0,3,0.0,True,False,3.45,0.0,-80,112952,5.6,0.58,5.8,9.29
1128,BeaconHill,2026-01-22 15:58:03.517,True,-0.06,88.6,10.0,286996.0,188.0,894.0,8938.0,1000.0,3,0.0,False,False,3.45,0.0,-83,112952,5.53,0.61,5.79,8.24
1129,BeaconHill,2026-01-22 16:28:12.747,False,0.15,88.5,10.0,285078.0,182.0,842.0,8415.0,1000.0,3,0.0,False,False,3.44,0.0,-81,112952,5.49,0.64,5.8,8.06
1130,BeaconHill,2026-01-22 16:58:01.573,True,0.38,88.0,10.0,279247.0,179.0,806.0,8061.0,1000.0,3,0.0,False,True,3.43,0.0,-83,112968,5.53,0.66,5.8,8.01
1131,BeaconHill,2026-01-22 16:58:46.233,True,0.38,88.0,10.0,279247.0,179.0,806.0,8061.0,1000.0,3,0.0,False,False,3.43,0.0,-82,112968,15.2,1.92,7.18,7.85
1132,BeaconHill,2026-01-22 17:10:21.477,True,0.55,88.6,10.0,284365.0,168.0,735.0,7354.0,1000.0,3,0.0,True,False,3.43,0.0,-78,112968,15.22,1.94,7.17,7.96
1133,BeaconHill,2026-01-22 17:10:51.797,True,0.55,88.6,10.0,284365.0,168.0,735.0,7354.0,1000.0,3,0.0,False,False,3.43,0.0,-79,112968,15.22,0.7,4.51,5.03
1134,BeaconHill,2026-01-22 17:10:55.420,True,0.55,88.6,10.0,284365.0,168.0,735.0,7354.0,1000.0,3,0.0,False,True,3.43,0.0,-82,112968,15.22,0.69,4.51,5.03
1135,BeaconHill,2026-01-22 17:11:06.157,True,0.55,88.6,10.0,284365.0,168.0,735.0,7354.0,1000.0,3,0.0,False,False,3.43,0.0,-81,112968,15.21,0.66,2.77,4.98
1136,BeaconHill,2026-01-22 17:41:14.373,False,1.25,87.8,10.0,287237.0,146.0,596.0,5956.0,1000.0,3,0.0,False,False,3.43,0.0,-80,112968,15.3,0.75,2.8,4.9
1137,BeaconHill,2026-01-22 17:47:12.237,True,1.34,87.6,10.0,286996.0,145.0,586.0,5861.0,1000.0,3,0.0,True,False,3.43,0.0,-77,112968,15.31,0.75,2.8,4.88
1138,BeaconHill,2026-01-22 17:47:22.660,True,1.34,87.6,10.0,286996.0,145.0,586.0,5861.0,1000.0,3,0.0,True,True,3.43,0.0,-81,112968,15.31,0.75,2.79,3.25
1139,BeaconHill,2026-01-22 17:47:43.243,True,1.34,87.6,10.0,286996.0,145.0,586.0,5861.0,1000.0,3,0.0,False,True,3.43,0.0,-75,112968,15.3,0.69,2.76,3.34
1140,BeaconHill,2026-01-22 17:48:26.780,True,1.34,87.6,10.0,286996.0,145.0,586.0,5861.0,1000.0,3,0.0,False,False,3.43,0.0,-75,112968,14.58,0.45,2.73,2.9
1141,BeaconHill,2026-01-22 18:18:34.857,False,1.88,87.5,10.0,288695.0,125.0,463.0,4632.0,1000.0,3,0.0,False,False,3.43,0.0,-77,112936,14.62,0.5,2.7,2.77
1142,BeaconHill,2026-01-22 18:48:35.460,False,2.42,86.9,10.0,283186.0,111.0,381.0,3807.0,902.4,3,0.0,False,False,3.42,0.0,-79,111352,14.7,0.48,2.7,2.68
1143,BeaconHill,2026-01-22 19:18:35.813,False,3.05,86.3,10.0,276981.0,93.0,281.0,2808.0,93.81,3,0.0,False,False,3.42,0.0,-80,111372,14.77,0.46,2.69,2.58
1144,BeaconHill,2026-01-22 19:43:13.903,True,3.43,86.0,10.0,271474.0,82.0,220.0,2197.0,23.45,3,0.0,False,True,3.41,0.0,-79,112956,14.83,0.43,2.68,2.49
1145,BeaconHill,2026-01-22 19:43:25.640,True,3.43,86.0,10.0,271474.0,82.0,220.0,2197.0,23.45,3,0.0,False,False,3.41,0.0,-80,112956,13.95,0.37,2.67,2.44
1146,BeaconHill,2026-01-22 19:43:29.267,True,3.43,86.0,10.0,271474.0,82.0,220.0,2197.0,23.45,3,0.0,True,False,3.41,0.0,-80,112956,13.94,0.75,2.65,2.44
1147,BeaconHill,2026-01-22 19:43:47.440,True,3.43,86.0,10.0,271474.0,82.0,220.0,2197.0,23.45,3,0.0,False,False,3.41,0.0,-80,112956,13.9,0.32,2.61,1.75
1148,BeaconHill,2026-01-22 19:43:50.627,True,3.43,86.0,10.0,271474.0,82.0,220.0,2197.0,23.45,3,0.0,False,True,3.41,0.0,-78,112956,13.89,0.3,2.61,1.75
1149,BeaconHill,2026-01-22 19:43:52.487,True,3.43,86.0,10.0,271474.0,82.0,220.0,2197.0,23.45,3,0.0,False,False,3.41,0.0,-80,112956,13.17,0.28,2.61,1.75
1150,BeaconHill,2026-01-22 20:13:57.290,False,3.77,85.8,10.0,269971.0,72.0,163.0,1625.0,6.41,3,0.0,False,False,3.41,0.0,-79,111376,13.15,0.22,2.61,1.49
1151,BeaconHill,2026-01-22 20:25:58.147,True,3.98,85.7,10.0,265767.0,31.0,0.0,400.0,0.16,2,0.0,False,True,3.4,0.0,-80,112956,13.17,0.19,2.61,1.45
1152,BeaconHill,2026-01-22 20:26:05.617,True,3.98,85.7,10.0,265767.0,31.0,0.0,400.0,0.16,2,0.0,True,True,3.4,0.0,-77,112956,13.17,0.15,2.6,1.41
1153,BeaconHill,2026-01-22 20:26:07.587,True,3.98,85.7,10.0,265767.0,31.0,0.0,400.0,0.16,2,0.0,False,True,3.4,0.0,-77,112956,13.17,0.14,2.6,1.4
1154,BeaconHill,2026-01-22 20:26:21.290,True,4.03,85.7,10.0,264326.0,35.0,0.0,400.0,0.16,2,0.0,False,False,3.4,0.0,-79,112956,9.87,0.09,2.6,1.36
1155,BeaconHill,2026-01-22 20:27:53.073,True,4.03,85.7,10.0,264326.0,35.0,0.0,400.0,0.16,2,0.0,False,True,3.4,0.0,-78,112956,9.71,0.2,1.41,1.49
1156,BeaconHill,2026-01-22 20:28:04.243,True,4.03,85.7,10.0,264326.0,35.0,0.0,400.0,0.16,2,0.0,False,False,3.4,0.0,-80,112956,9.7,0.16,1.41,1.46
1157,BeaconHill,2026-01-22 20:58:09.123,False,4.32,85.3,10.0,262497.0,50.0,50.0,500.0,0.5,2,0.0,False,False,3.39,0.0,-80,112960,9.81,0.17,1.42,1.4
1158,BeaconHill,2026-01-22 21:14:54.543,True,4.48,85.4,10.0,261291.0,50.0,50.0,500.0,0.5,2,0.0,True,False,3.39,0.0,-80,112960,9.84,0.15,1.42,1.36
1159,BeaconHill,2026-01-22 21:14:56.213,True,4.48,85.4,10.0,261291.0,50.0,50.0,500.0,0.5,2,0.0,False,False,3.39,0.0,-78,112960,9.84,0.15,1.41,1.36
1160,BeaconHill,2026-01-22 21:19:42.730,True,4.54,85.4,10.0,260097.0,50.0,50.0,500.0,0.5,2,0.0,True,False,3.39,0.0,-80,112972,9.87,0.14,1.33,4.18
1161,BeaconHill,2026-01-22 21:20:10.980,True,4.54,85.4,10.0,260097.0,50.0,50.0,500.0,0.5,2,0.0,False,False,3.39,0.0,-81,112972,9.87,0.19,1.36,3.81
1162,BeaconHill,2026-01-22 21:20:14.060,True,4.54,85.4,10.0,260097.0,50.0,50.0,500.0,0.5,2,0.0,False,True,3.39,0.0,-81,112972,9.86,0.17,1.37,3.16
1163,BeaconHill,2026-01-22 21:20:32.670,True,4.54,85.4,10.0,260097.0,50.0,50.0,500.0,0.5,2,0.0,False,False,3.39,0.0,-79,112972,9.85,0.1,1.37,3.17
1164,BeaconHill,2026-01-22 21:50:39.857,False,4.97,84.9,10.0,257740.0,50.0,50.0,500.0,0.5,2,0.0,False,False,3.38,0.0,-80,112976,9.99,0.12,1.36,3.15
1165,BeaconHill,2026-01-22 22:20:40.577,False,5.2,85.2,10.0,253528.0,50.0,50.0,500.0,0.5,2,0.0,False,False,3.37,0.0,-81,111396,10.06,0.09,1.35,3.09
1166,BeaconHill,2026-01-22 22:40:55.530,True,5.2,85.4,10.0,248725.0,51.0,55.0,551.0,0.56,3,0.0,False,True,3.34,0.0,-79,112952,10.09,0.07,1.34,3.06
1167,BeaconHill,2026-01-22 22:40:57.860,True,5.2,85.4,10.0,248725.0,51.0,55.0,551.0,0.56,3,0.0,False,False,3.34,0.0,-80,112952,10.08,0.06,1.34,3.05
1168,BeaconHill,2026-01-22 23:11:00.503,False,5.13,85.6,10.0,252590.0,51.0,59.0,594.0,0.62,3,0.0,False,False,3.31,0.0,-79,112952,10.11,0.06,1.32,2.97
1169,BeaconHill,2026-01-22 23:41:00.937,False,4.82,85.9,10.0,257157.0,57.0,95.0,946.0,1.37,3,0.0,False,False,3.27,0.0,-85,111396,10.08,0.04,1.31,2.97
1170,BeaconHill,2026-01-22 23:44:42.483,True,4.77,85.9,10.0,255617.0,59.0,104.0,1041.0,1.71,3,0.0,False,True,3.27,0.0,-85,112972,10.07,0.04,1.31,2.97
1171,BeaconHill,2026-01-22 23:44:50.280,True,4.77,85.9,10.0,255617.0,59.0,104.0,1041.0,1.71,3,0.0,False,False,3.27,0.0,-84,112972,10.09,-0.01,1.31,2.92
1172,BeaconHill,2026-01-22 23:44:53.907,True,4.77,85.9,10.0,255617.0,59.0,104.0,1041.0,1.71,3,0.0,True,False,3.27,0.0,-86,112972,10.08,0.0,1.31,3.49
1173,BeaconHill,2026-01-22 23:44:56.220,True,4.77,85.9,10.0,255617.0,59.0,104.0,1041.0,1.71,3,0.0,False,False,3.27,0.0,-81,112972,10.08,0.0,1.31,2.38
1174,BeaconHill,2026-01-22 23:46:06.010,True,4.77,85.9,10.0,255617.0,59.0,104.0,1041.0,1.71,3,0.0,True,False,3.27,0.0,-77,112920,10.09,0.05,1.33,2.37
1175,BeaconHill,2026-01-22 23:46:18.390,True,4.72,85.9,10.0,257351.0,60.0,110.0,1098.0,1.94,3,0.0,False,False,3.27,0.0,-78,112920,10.09,0.09,1.36,10.18
1176,BeaconHill,2026-01-23 00:14:14.940,True,5.23,87.8,10.0,250919.0,50.0,50.0,500.0,0.5,2,0.0,True,False,3.23,0.0,-78,112920,10.06,0.06,1.58,10.52
1177,BeaconHill,2026-01-23 00:14:26.267,True,5.23,87.8,10.0,250919.0,50.0,50.0,500.0,0.5,2,0.0,False,False,3.23,0.0,-74,112920,10.06,-0.58,1.58,10.51
1178,BeaconHill,2026-01-23 00:14:29.347,True,5.23,87.8,10.0,250919.0,50.0,50.0,500.0,0.5,2,0.0,False,True,3.23,0.0,-76,112920,9.42,-0.62,1.58,10.49
1179,BeaconHill,2026-01-23 00:14:42.380,True,5.23,87.8,10.0,250919.0,50.0,50.0,500.0,0.5,2,0.0,False,False,3.23,0.0,-76,112920,7.94,-0.71,1.54,10.39
1180,BeaconHill,2026-01-23 00:21:03.327,True,5.27,88.0,10.0,248725.0,50.0,50.0,500.0,0.5,2,0.0,True,False,3.23,0.0,-76,112920,7.79,-0.74,1.26,9.91
1181,BeaconHill,2026-01-23 00:22:32.957,True,5.3,87.5,10.0,249452.0,51.0,56.0,560.0,0.57,2,0.0,False,False,3.23,0.0,-73,112920,7.78,-0.71,1.27,4.6
1182,BeaconHill,2026-01-23 00:22:36.253,True,5.3,87.5,10.0,249452.0,51.0,56.0,560.0,0.57,2,0.0,False,True,3.23,0.0,-74,112920,7.78,-0.72,1.28,4.58
1183,BeaconHill,2026-01-23 00:23:07.990,True,5.3,87.5,10.0,249452.0,51.0,56.0,560.0,0.57,2,0.0,False,False,3.23,0.0,-75,112920,6.87,-0.81,1.28,4.4
1184,BeaconHill,2026-01-23 00:53:12.293,False,4.91,87.1,10.0,252217.0,63.0,137.0,1373.0,3.62,3,0.0,False,False,3.17,0.0,-77,112892,6.84,-0.7,1.27,4.21
1185,BeaconHill,2026-01-23 01:23:12.227,False,4.45,87.4,10.0,256770.0,73.0,196.0,1955.0,13.55,3,0.0,False,False,3.09,0.0,-75,111056,6.76,-0.69,1.25,4.2
1186,BeaconHill,2026-01-23 01:32:40.607,True,4.3,87.5,10.0,256964.0,76.0,217.0,2168.0,21.97,3,0.0,False,True,2.99,0.0,-76,112892,6.77,-0.68,1.26,4.2
1187,BeaconHill,2026-01-23 01:32:44.577,True,4.3,87.5,10.0,256964.0,76.0,217.0,2168.0,21.97,3,0.0,False,False,2.99,0.0,-73,112892,6.77,-0.69,1.26,4.2
1188,BeaconHill,2026-01-23 01:32:48.310,True,4.3,87.5,10.0,256964.0,76.0,217.0,2168.0,21.97,3,0.0,True,False,2.99,0.0,-72,112892,6.77,-0.71,1.26,4.2
1189,BeaconHill,2026-01-23 01:32:50.173,True,4.3,87.5,10.0,256964.0,76.0,217.0,2168.0,21.97,3,0.0,False,False,2.99,0.0,-74,112892,6.77,-0.71,1.26,3.4
1190,BeaconHill,2026-01-23 01:32:57.843,True,4.3,87.5,10.0,256964.0,76.0,217.0,2168.0,21.97,3,0.0,True,False,2.99,0.0,-74,112892,6.76,-0.74,1.26,3.39
1191,BeaconHill,2026-01-23 01:33:00.703,True,4.3,87.5,10.0,256964.0,76.0,217.0,2168.0,21.97,3,0.0,False,False,2.99,0.0,-74,112892,6.77,-0.74,1.26,4.26
1192,BeaconHill,2026-01-23 01:33:03.673,True,4.3,87.5,10.0,256964.0,76.0,217.0,2168.0,21.97,3,0.0,False,True,2.99,0.0,-73,112892,6.79,-0.76,1.26,4.22
1193,BeaconHill,2026-01-23 01:33:15.820,True,4.3,87.5,10.0,256964.0,76.0,217.0,2168.0,21.97,3,0.0,False,False,2.99,0.0,-76,112892,6.58,-0.82,1.25,4.1
1194,BeaconHill,2026-01-23 01:33:20.647,True,4.3,87.5,10.0,256964.0,76.0,217.0,2168.0,21.97,3,0.0,False,True,2.99,0.0,-74,112892,6.52,-0.82,1.26,4.09
1195,BeaconHill,2026-01-23 01:33:26.460,True,4.3,87.5,10.0,256964.0,76.0,217.0,2168.0,21.97,3,0.0,True,True,2.99,0.0,-77,112892,6.45,-0.85,1.33,4.05
1196,BeaconHill,2026-01-23 01:33:27.460,True,4.3,87.5,10.0,256964.0,76.0,217.0,2168.0,21.97,3,0.0,True,False,2.99,0.0,-75,112892,6.45,-0.85,1.33,4.05
1197,BeaconHill,2026-01-23 01:33:33.257,True,4.3,87.5,10.0,256964.0,76.0,217.0,2168.0,21.97,3,0.0,False,False,2.99,0.0,-74,112892,6.39,-0.86,1.45,3.32
1198,BeaconHill,2026-01-23 01:54:07.673,True,4.01,87.5,10.0,258130.0,84.0,264.0,2635.0,63.34,3,0.0,True,False,2.99,0.0,-76,112900,6.19,-0.87,1.73,3.12
1199,BeaconHill,2026-01-23 01:54:09.563,True,4.01,87.5,10.0,258130.0,84.0,264.0,2635.0,63.34,3,0.0,False,False,2.99,0.0,-74,112900,6.19,-0.86,1.73,3.12
1200,BeaconHill,2026-01-23 01:54:12.643,True,4.01,87.5,10.0,258130.0,84.0,264.0,2635.0,63.34,3,0.0,False,True,2.99,0.0,-74,112900,6.2,-0.88,1.68,3.11
1201,BeaconHill,2026-01-23 01:54:37.163,True,4.01,87.5,10.0,258130.0,84.0,264.0,2635.0,63.34,3,0.0,True,True,2.99,0.0,-78,112900,5.58,-0.97,1.37,3.06
1202,BeaconHill,2026-01-23 01:54:45.257,True,4.01,87.5,10.0,258130.0,84.0,264.0,2635.0,63.34,3,0.0,False,True,2.99,0.0,-79,112900,6.64,-0.96,1.31,1.14
1203,BeaconHill,2026-01-23 01:54:57.087,True,4.01,87.5,10.0,258130.0,84.0,264.0,2635.0,63.34,3,0.0,False,False,2.99,0.0,-74,112900,5.73,-0.99,1.28,1.05
1204,BeaconHill,2026-01-23 01:55:23.247,True,4.01,87.5,10.0,258130.0,84.0,264.0,2635.0,63.34,3,0.0,False,True,2.99,0.0,-78,112900,5.61,-0.92,1.25,1.02
1205,BeaconHill,2026-01-23 01:55:27.200,True,4.01,87.5,10.0,258130.0,84.0,264.0,2635.0,63.34,3,0.0,False,False,2.99,0.0,-71,112900,4.51,-0.93,1.25,1.01
1206,BeaconHill,2026-01-23 01:58:38.937,True,3.91,87.5,10.0,260892.0,86.0,274.0,2738.0,79.95,3,0.0,False,True,2.82,0.0,-76,112900,4.47,-0.87,1.25,0.94
1207,BeaconHill,2026-01-23 01:58:40.717,True,3.91,87.5,10.0,260892.0,86.0,274.0,2738.0,79.95,3,0.0,True,True,2.82,0.0,-75,112900,4.47,-0.87,1.25,0.94
1208,BeaconHill,2026-01-23 01:58:41.717,True,3.91,87.5,10.0,260892.0,86.0,274.0,2738.0,79.95,3,0.0,True,False,2.82,0.0,-76,112900,4.47,-0.87,1.25,0.94
1209,BeaconHill,2026-01-23 01:58:45.347,True,3.91,87.5,10.0,260892.0,86.0,274.0,2738.0,79.95,3,0.0,False,False,2.82,0.0,-74,112900,4.46,-0.87,1.25,0.95
1210,BeaconHill,2026-01-23 02:07:48.520,True,3.71,87.3,10.0,255044.0,95.0,327.0,3266.0,264.49,3,0.0,False,True,2.82,0.0,-75,112900,4.36,-0.87,1.21,0.88
1211,BeaconHill,2026-01-23 02:07:51.723,True,3.71,87.3,10.0,255044.0,95.0,327.0,3266.0,264.49,3,0.0,True,True,2.82,0.0,-80,112900,4.36,-0.89,1.21,0.86
1212,BeaconHill,2026-01-23 02:07:57.973,True,3.71,87.3,10.0,255044.0,95.0,327.0,3266.0,264.49,3,0.0,False,True,2.82,0.0,-74,112900,4.36,-0.92,1.21,0.84
1213,BeaconHill,2026-01-23 02:08:20.740,True,3.71,87.3,10.0,255044.0,95.0,327.0,3266.0,264.49,3,0.0,False,False,2.82,0.0,-75,112900,9.98,-0.99,1.21,0.79
1214,BeaconHill,2026-01-24 02:28:50.970,True,3.81,81.4,10.0,91527.0,0.0,0.0,400.0,0.16,0,0.0,False,True,0.0,0.0,-77,107748,4.54,1.2,1.55,4.29
1215,BeaconHill,2026-01-24 02:28:53.267,True,3.81,81.4,10.0,91527.0,0.0,0.0,400.0,0.16,0,0.0,False,False,0.0,0.0,-75,107480,4.54,1.2,1.55,4.29
1216,BeaconHill,2026-01-24 02:32:21.877,True,3.81,81.4,10.0,91527.0,0.0,0.0,400.0,0.16,0,0.0,True,False,0.0,0.0,-77,107564,4.55,1.07,2.86,4.23
1217,BeaconHill,2026-01-24 02:32:24.847,True,3.81,81.4,10.0,91527.0,0.0,0.0,400.0,0.16,0,0.0,False,False,0.0,0.0,-76,107564,4.55,1.07,2.86,4.24
1218,BeaconHill,2026-01-24 02:43:51.043,True,3.87,81.2,10.0,176979.0,0.0,0.0,400.0,0.16,0,0.0,True,False,0.0,0.0,-79,107564,4.49,1.12,2.87,4.28
1219,BeaconHill,2026-01-24 02:44:22.567,True,3.87,81.2,10.0,176979.0,0.0,0.0,400.0,0.16,0,0.0,False,False,0.0,0.0,-81,107564,4.59,1.04,2.86,1.67
1220,BeaconHill,2026-01-24 03:14:27.307,False,3.76,80.7,10.0,234862.0,88.0,291.0,2914.0,119.1,3,0.0,False,False,3.99,77.0,-83,107564,4.63,0.82,1.9,1.8
1221,BeaconHill,2026-01-24 03:44:27.613,False,3.45,81.4,10.0,255044.0,85.0,265.0,2650.0,65.56,3,0.0,False,False,3.98,75.0,-83,105956,4.58,0.82,1.89,1.85
1222,BeaconHill,2026-01-24 04:14:28.060,False,3.06,81.9,10.0,265767.0,87.0,277.0,2768.0,85.64,3,0.0,False,False,3.97,74.0,-81,105956,4.53,0.83,1.88,1.9
1223,BeaconHill,2026-01-24 04:44:28.477,False,2.76,82.1,10.0,272558.0,91.0,297.0,2970.0,135.34,3,0.0,False,False,3.97,73.0,-82,105976,4.48,0.84,1.88,1.97
1224,BeaconHill,2026-01-24 05:08:56.157,True,2.52,82.6,10.0,274531.0,94.0,309.0,3095.0,179.61,3,0.0,True,False,3.96,72.0,-82,107556,4.45,0.85,1.88,2.01
1225,BeaconHill,2026-01-24 05:09:07.233,True,2.52,82.6,10.0,274531.0,94.0,309.0,3095.0,179.61,3,0.0,False,False,3.96,72.0,-81,107556,4.44,0.86,1.88,2.02
1226,BeaconHill,2026-01-24 05:09:30.113,True,2.52,82.6,10.0,274531.0,94.0,309.0,3095.0,179.61,3,0.0,True,False,3.96,72.0,-80,107556,4.45,0.77,1.37,2.03
1227,BeaconHill,2026-01-24 05:09:48.177,True,2.52,82.6,10.0,274531.0,94.0,309.0,3095.0,179.61,3,0.0,False,False,3.96,72.0,-81,107556,4.46,0.7,1.58,2.04
1228,BeaconHill,2026-01-24 05:21:26.807,True,2.42,81.6,10.0,276533.0,100.0,343.0,3429.0,382.99,3,0.0,True,False,3.96,72.0,-83,107556,4.48,0.77,1.73,2.06
1229,BeaconHill,2026-01-24 05:21:29.683,True,2.42,81.6,10.0,276533.0,100.0,343.0,3429.0,382.99,3,0.0,False,False,3.96,72.0,-80,107556,4.48,0.77,1.73,2.06
1230,BeaconHill,2026-01-24 05:51:38.997,False,2.63,82.6,10.0,272994.0,92.0,289.0,2885.0,111.63,3,0.0,False,False,3.95,71.0,-81,105988,4.44,0.78,1.73,3.36
1231,BeaconHill,2026-01-24 06:21:39.467,False,2.49,82.7,10.0,266806.0,98.0,315.0,3151.0,204.01,3,0.0,False,False,3.95,70.0,-89,105744,4.41,0.8,1.73,3.41
1232,BeaconHill,2026-01-24 06:51:39.427,False,2.25,82.9,10.0,268696.0,102.0,337.0,3367.0,332.68,3,0.0,False,False,3.94,70.0,-84,105988,4.38,0.82,1.74,3.46
1233,BeaconHill,2026-01-24 07:21:39.940,False,1.99,82.7,10.0,274090.0,108.0,360.0,3603.0,568.72,3,0.0,False,False,3.94,69.0,-82,105732,4.34,0.82,1.75,3.52
1234,BeaconHill,2026-01-24 07:51:40.437,False,1.78,82.7,10.0,278564.0,112.0,375.0,3747.0,787.95,3,0.0,False,False,3.93,68.0,-78,105976,4.32,0.84,1.75,3.56
1235,BeaconHill,2026-01-24 08:10:05.037,True,1.63,82.8,10.0,281319.0,115.0,384.0,3843.0,980.06,3,0.0,True,False,3.93,67.0,-75,107552,4.23,0.78,1.75,3.52
1236,BeaconHill,2026-01-24 08:10:18.633,True,1.63,82.8,10.0,281319.0,115.0,384.0,3843.0,980.06,3,0.0,False,False,3.93,67.0,-80,107552,4.18,0.91,1.75,3.54
1237,BeaconHill,2026-01-24 08:10:23.560,True,1.63,82.8,10.0,281319.0,115.0,384.0,3843.0,980.06,3,0.0,True,False,3.93,67.0,-86,107552,4.17,0.86,1.75,3.55
1238,BeaconHill,2026-01-24 08:10:36.147,True,1.63,82.8,10.0,281319.0,115.0,384.0,3843.0,980.06,3,0.0,False,False,3.93,67.0,-72,107552,4.15,0.8,1.75,2.67
1239,BeaconHill,2026-01-24 08:10:48.197,True,1.63,82.8,10.0,281319.0,115.0,384.0,3843.0,980.06,3,0.0,True,False,3.93,67.0,-84,107552,4.14,0.73,1.75,2.62
1240,BeaconHill,2026-01-24 08:10:53.027,True,1.63,82.8,10.0,281319.0,115.0,384.0,3843.0,980.06,3,0.0,False,False,3.93,67.0,-82,107552,4.14,0.72,1.75,2.6
1241,BeaconHill,2026-01-24 08:10:55.010,True,1.63,82.8,10.0,281319.0,115.0,384.0,3843.0,980.06,3,0.0,True,False,3.93,67.0,-82,107552,4.14,0.71,1.75,2.59
1242,BeaconHill,2026-01-24 08:11:14.153,True,1.63,82.8,10.0,281319.0,115.0,384.0,3843.0,980.06,3,0.0,False,False,3.93,67.0,-85,107552,4.14,0.64,1.73,3.92
1243,BeaconHill,2026-01-24 08:41:21.303,False,1.43,82.7,10.0,286034.0,119.0,400.0,4002.0,1000.0,3,0.0,False,False,3.92,67.0,-82,105736,4.08,0.53,1.74,3.83
1244,BeaconHill,2026-01-24 09:11:21.480,False,1.26,82.9,10.0,285316.0,123.0,413.0,4133.0,1000.0,3,0.0,False,False,3.9,66.0,-80,105980,4.06,0.52,1.74,3.84
1245,BeaconHill,2026-01-24 09:41:21.860,False,1.0,83.2,10.0,287237.0,128.0,431.0,4309.0,1000.0,3,0.0,False,False,3.91,66.0,-81,105736,4.02,0.53,1.75,3.88
1246,BeaconHill,2026-01-24 10:11:22.283,False,0.81,83.5,10.0,287721.0,133.0,443.0,4431.0,1000.0,3,0.0,False,False,3.91,65.0,-81,105980,4.0,0.55,1.75,3.9
1247,BeaconHill,2026-01-24 10:41:22.727,False,0.64,83.8,10.0,288207.0,136.0,451.0,4512.0,1000.0,3,0.0,False,False,3.91,65.0,-79,105980,3.98,0.6,1.76,3.91
1248,BeaconHill,2026-01-24 11:11:23.287,False,0.4,83.9,10.0,291157.0,142.0,469.0,4689.0,1000.0,3,0.0,False,False,3.9,64.0,-80,105732,3.95,0.64,1.76,3.94
1249,BeaconHill,2026-01-24 11:41:23.627,False,-0.02,84.2,10.0,290909.0,154.0,515.0,5149.0,1000.0,3,0.0,False,False,3.9,64.0,-79,105976,3.91,0.68,1.77,4.0
1250,BeaconHill,2026-01-24 12:32:11.870,False,-0.23,84.3,10.0,297242.0,84.0,209.0,2090.0,18.38,2,0.0,False,False,3.89,63.0,-80,107616,3.86,0.74,1.79,4.08
1251,BeaconHill,2026-01-24 13:02:12.183,False,-0.34,84.3,10.0,297501.0,87.0,217.0,2172.0,22.17,3,0.0,False,False,3.88,63.0,-82,106008,3.84,0.77,1.79,4.12
1252,BeaconHill,2026-01-24 13:32:12.500,False,-0.47,84.4,10.0,299328.0,89.0,223.0,2230.0,25.28,3,0.0,False,False,3.88,62.0,-79,106008,3.83,0.78,1.79,4.15
1253,BeaconHill,2026-01-24 14:02:13.000,False,-0.67,84.5,10.0,299328.0,95.0,244.0,2435.0,40.27,3,0.0,False,False,3.88,62.0,-82,106012,3.81,0.8,1.79,4.18
1254,BeaconHill,2026-01-24 14:32:13.337,False,-0.94,84.7,10.0,298021.0,102.0,270.0,2700.0,73.28,3,0.0,False,False,3.87,61.0,-82,106012,3.79,0.81,1.8,4.22
1255,BeaconHill,2026-01-24 15:02:13.830,False,-1.15,84.8,10.0,300911.0,106.0,284.0,2837.0,100.17,3,0.0,False,False,3.87,61.0,-81,106012,3.76,0.82,1.81,4.27
1256,BeaconHill,2026-01-24 15:32:14.380,False,-1.33,84.8,10.0,296726.0,113.0,308.0,3082.0,174.57,3,0.0,False,False,3.87,60.0,-83,106012,3.73,0.82,1.81,4.3
1257,BeaconHill,2026-01-24 16:02:14.850,False,-1.52,84.8,10.0,299854.0,117.0,319.0,3187.0,221.41,3,0.0,False,False,3.86,59.0,-80,106012,3.71,0.84,1.82,4.35
1258,BeaconHill,2026-01-24 16:32:15.237,False,-1.53,84.8,10.0,295954.0,120.0,323.0,3225.0,241.34,3,0.0,False,False,3.86,58.0,-82,106024,3.7,0.85,1.82,4.38
1259,BeaconHill,2026-01-24 17:02:15.670,False,-1.13,84.7,10.0,299854.0,106.0,263.0,2634.0,63.2,3,0.0,False,False,3.85,57.0,-82,106024,3.76,0.87,1.81,4.36
1260,BeaconHill,2026-01-24 17:32:16.150,False,-0.54,84.2,10.0,294676.0,92.0,209.0,2091.0,18.42,3,0.0,False,False,3.85,56.0,-84,105748,3.85,0.9,1.8,4.31
1261,BeaconHill,2026-01-24 18:02:16.607,False,0.1,84.1,10.0,288939.0,75.0,142.0,1424.0,4.06,3,0.0,False,False,3.84,54.0,-86,105548,3.91,1.03,1.37,4.24
1262,BeaconHill,2026-01-24 18:32:17.090,False,0.76,83.4,10.0,281087.0,62.0,91.0,915.0,1.28,3,0.0,False,False,3.84,53.0,-90,105536,4.02,1.05,1.36,4.17
1263,BeaconHill,2026-01-24 19:02:17.470,False,1.42,83.0,10.0,275195.0,50.0,50.0,500.0,0.5,2,0.0,False,False,3.83,52.0,-85,105536,4.13,1.05,1.35,4.09
1264,BeaconHill,2026-01-24 19:32:18.067,False,2.09,82.9,10.0,270613.0,50.0,50.0,500.0,0.5,2,0.0,False,False,3.82,50.0,-80,105544,4.25,1.05,1.33,4.0
1265,BeaconHill,2026-01-24 20:02:10.980,True,2.73,82.8,10.0,263918.0,50.0,50.0,500.0,0.5,2,0.0,True,False,3.82,50.0,-82,107360,4.36,1.03,1.32,3.89
1266,BeaconHill,2026-01-24 20:02:28.407,True,2.73,82.8,10.0,263918.0,50.0,50.0,500.0,0.5,2,0.0,False,False,3.82,48.0,-82,107360,4.35,0.89,1.32,3.96
1267,BeaconHill,2026-01-24 20:25:42.190,True,3.22,82.5,10.0,263510.0,50.0,50.0,500.0,0.5,2,0.0,True,False,3.82,48.0,-84,107360,4.4,0.47,1.29,3.82
1268,BeaconHill,2026-01-24 20:25:59.840,True,3.22,82.5,10.0,263510.0,50.0,50.0,500.0,0.5,2,0.0,False,False,3.82,48.0,-82,107360,4.4,1.39,1.29,3.81
1269,BeaconHill,2026-01-24 20:55:19.547,True,3.74,82.5,10.0,256192.0,50.0,50.0,500.0,0.5,2,0.0,True,False,3.81,47.0,-84,107368,4.51,1.39,1.28,3.74
1270,BeaconHill,2026-01-24 20:55:25.700,True,3.74,82.5,10.0,256192.0,50.0,50.0,500.0,0.5,2,0.0,False,False,3.81,47.0,-80,107368,4.51,3.3,1.28,3.74
1271,BeaconHill,2026-01-24 21:25:29.207,False,4.22,82.7,10.0,248544.0,50.0,50.0,500.0,0.5,2,0.0,False,False,3.81,45.0,-82,105784,4.6,3.07,1.27,3.64
1272,BeaconHill,2026-01-24 21:55:29.597,False,4.67,82.8,10.0,241509.0,50.0,50.0,500.0,0.5,2,0.0,False,False,3.8,43.0,-84,105784,4.69,3.06,1.26,3.55
1273,BeaconHill,2026-01-24 22:25:30.130,False,5.07,82.8,10.0,238806.0,50.0,50.0,500.0,0.5,2,0.0,False,False,3.79,40.0,-83,105396,4.75,2.99,1.24,3.46
1274,BeaconHill,2026-01-24 22:26:44.890,True,5.07,82.8,10.0,238806.0,50.0,50.0,500.0,0.5,2,0.0,True,False,3.79,40.0,-80,107212,4.75,2.99,1.24,3.46
1275,BeaconHill,2026-01-24 22:27:13.130,True,5.07,82.8,10.0,238806.0,50.0,50.0,500.0,0.5,2,0.0,False,False,3.79,40.0,-75,107212,5.8,3.35,1.24,3.47
1276,BeaconHill,2026-01-24 22:32:39.433,True,5.18,82.4,10.0,237477.0,50.0,53.0,525.0,0.53,2,0.0,True,False,3.76,38.0,-77,107212,5.79,3.3,1.24,3.61
1277,BeaconHill,2026-01-24 22:32:53.360,True,5.18,82.4,10.0,237477.0,50.0,53.0,525.0,0.53,2,0.0,False,False,3.76,38.0,-78,107212,5.79,2.29,1.24,2.65
1278,BeaconHill,2026-01-24 23:03:00.173,False,5.49,82.6,10.0,239813.0,50.0,50.0,500.0,0.5,2,0.0,False,False,3.78,36.0,-79,105396,5.84,2.22,1.23,2.52
1279,BeaconHill,2026-01-24 23:05:48.677,True,5.49,82.6,10.0,239813.0,50.0,50.0,500.0,0.5,2,0.0,True,False,3.78,36.0,-76,107212,5.85,2.21,1.23,2.52
1280,BeaconHill,2026-01-24 23:05:51.097,True,5.49,82.6,10.0,239813.0,50.0,50.0,500.0,0.5,2,0.0,False,False,3.78,36.0,-77,107212,5.85,2.18,1.23,2.53
1281,BeaconHill,2026-01-24 23:05:57.663,True,5.49,82.6,10.0,239813.0,50.0,50.0,500.0,0.5,2,0.0,True,False,3.78,36.0,-78,107212,5.85,2.09,1.24,2.54
1282,BeaconHill,2026-01-24 23:06:15.820,True,5.49,82.6,10.0,239813.0,50.0,50.0,500.0,0.5,2,0.0,False,False,3.78,36.0,-78,107212,5.84,3.58,1.24,4.59
1283,BeaconHill,2026-01-24 23:06:17.920,True,5.49,82.6,10.0,239813.0,50.0,50.0,500.0,0.5,2,0.0,True,False,3.78,36.0,-77,107212,5.84,3.56,1.24,4.57
1284,BeaconHill,2026-01-24 23:06:20.887,True,5.49,82.6,10.0,239813.0,50.0,50.0,500.0,0.5,2,0.0,False,False,3.78,36.0,-76,107212,5.84,6.91,1.24,4.56
1285,BeaconHill,2026-01-24 23:06:23.093,True,5.49,82.6,10.0,239813.0,50.0,50.0,500.0,0.5,2,0.0,True,False,3.78,36.0,-78,107212,5.84,5.83,1.24,4.55
1286,BeaconHill,2026-01-24 23:06:29.763,True,5.49,82.6,10.0,239813.0,50.0,50.0,500.0,0.5,2,0.0,False,False,3.78,36.0,-76,107212,5.84,8.37,1.24,4.54
1287,BeaconHill,2026-01-24 23:06:33.940,True,5.49,82.6,10.0,239813.0,50.0,50.0,500.0,0.5,2,0.0,True,False,3.78,36.0,-80,107212,5.84,8.37,1.24,4.53
1288,BeaconHill,2026-01-24 23:06:48.810,True,5.49,82.6,10.0,239813.0,50.0,50.0,500.0,0.5,2,0.0,False,False,3.78,36.0,-77,107212,5.85,8.53,1.23,4.55
1289,BeaconHill,2026-01-24 23:06:51.997,True,5.49,82.6,10.0,239813.0,50.0,50.0,500.0,0.5,2,0.0,True,False,3.78,36.0,-78,107212,5.84,8.5,1.23,4.54
1290,BeaconHill,2026-01-24 23:07:02.170,True,5.49,82.6,10.0,239813.0,50.0,50.0,500.0,0.5,2,0.0,False,False,3.78,36.0,-75,107212,5.84,11.32,1.23,4.5
1291,BeaconHill,2026-01-24 23:07:06.233,True,5.49,82.6,10.0,239813.0,50.0,50.0,500.0,0.5,2,0.0,True,False,3.78,36.0,-77,107212,5.85,9.79,1.24,4.5
1292,BeaconHill,2026-01-24 23:07:11.060,True,5.49,82.6,10.0,239813.0,50.0,50.0,500.0,0.5,2,0.0,False,False,3.78,36.0,-77,107212,5.85,11.72,1.24,4.5
1293,BeaconHill,2026-01-24 23:07:13.157,True,5.49,82.6,10.0,239813.0,50.0,50.0,500.0,0.5,2,0.0,True,False,3.78,36.0,-78,107212,5.85,11.71,1.24,4.5
1294,BeaconHill,2026-01-24 23:07:20.173,True,5.49,82.6,10.0,239813.0,50.0,50.0,500.0,0.5,2,0.0,False,False,3.78,36.0,-78,107212,5.85,13.58,1.24,4.5
1295,BeaconHill,2026-01-24 23:07:27.067,True,5.49,82.6,10.0,239813.0,50.0,50.0,500.0,0.5,2,0.0,True,False,3.78,36.0,-79,107212,5.85,13.74,1.24,4.5
1296,BeaconHill,2026-01-24 23:07:38.783,True,5.53,82.8,10.0,239476.0,50.0,50.0,500.0,0.5,2,0.0,False,False,3.78,36.0,-77,107212,5.85,15.7,1.24,4.51
1297,BeaconHill,2026-01-24 23:07:41.317,True,5.53,82.8,10.0,239476.0,50.0,50.0,500.0,0.5,2,0.0,True,False,3.78,36.0,-79,107212,5.85,15.66,1.24,4.51
1298,BeaconHill,2026-01-24 23:07:50.837,True,5.53,82.8,10.0,239476.0,50.0,50.0,500.0,0.5,2,0.0,False,False,3.78,36.0,-78,107212,5.85,15.58,1.24,4.51
1299,BeaconHill,2026-01-24 23:08:51.563,True,5.53,82.8,10.0,239476.0,50.0,50.0,500.0,0.5,2,0.0,False,False,3.78,36.0,-78,106924,5.86,15.36,1.23,4.46
1300,BeaconHill,2026-01-24 23:08:54.640,True,5.53,82.8,10.0,239476.0,50.0,50.0,500.0,0.5,2,0.0,True,False,3.78,36.0,-80,106924,5.86,15.36,1.23,4.47
1301,BeaconHill,2026-01-24 23:09:03.737,True,5.53,82.8,10.0,239476.0,50.0,50.0,500.0,0.5,2,0.0,False,False,3.78,36.0,-81,106956,5.86,15.37,1.23,4.48
1302,BeaconHill,2026-01-24 23:14:07.180,True,5.58,80.1,10.0,240488.0,59.0,100.0,1005.0,1.57,2,0.0,True,False,3.78,36.0,-79,107216,5.87,15.15,1.24,4.51
1303,BeaconHill,2026-01-24 23:15:20.523,True,5.58,80.1,10.0,240488.0,59.0,100.0,1005.0,1.57,2,0.0,False,False,3.78,36.0,-76,106948,7.15,9.24,1.25,3.09
1304,BeaconHill,2026-01-24 23:45:21.233,False,5.94,80.9,10.0,236654.0,50.0,50.0,500.0,0.5,2,0.0,False,False,3.77,35.0,-78,105636,7.18,9.07,1.24,2.97
1305,BeaconHill,2026-01-24 23:59:56.447,True,6.04,81.6,10.0,236818.0,50.0,50.0,500.0,0.5,2,0.0,True,False,3.77,35.0,-76,107208,7.22,9.02,1.23,2.91
1306,BeaconHill,2026-01-25 00:01:17.547,True,6.04,81.6,10.0,236818.0,50.0,50.0,500.0,0.5,2,0.0,False,False,3.77,35.0,-76,107208,6.28,7.86,1.23,2.96
1307,BeaconHill,2026-01-25 00:01:57.707,True,6.04,81.6,10.0,236818.0,50.0,50.0,500.0,0.5,2,0.0,True,False,3.77,35.0,-78,106908,6.23,7.65,1.22,2.97
1308,BeaconHill,2026-01-25 00:02:03.943,True,6.04,81.6,10.0,236818.0,50.0,50.0,500.0,0.5,2,0.0,False,False,3.77,35.0,-78,106908,6.23,7.65,1.22,2.94
1309,BeaconHill,2026-01-25 00:08:44.630,True,5.9,78.1,10.0,240998.0,65.0,131.0,1308.0,3.12,3,0.0,True,False,3.77,33.0,-78,107208,6.22,7.61,1.22,2.8
1310,BeaconHill,2026-01-25 00:08:50.163,True,5.9,78.1,10.0,240998.0,65.0,131.0,1308.0,3.12,3,0.0,False,False,3.77,33.0,-77,107208,6.22,9.07,1.22,2.8
1311,BeaconHill,2026-01-25 00:20:28.407,True,5.63,80.2,10.0,241680.0,62.0,114.0,1138.0,2.12,3,0.0,True,False,3.77,33.0,-80,107208,6.18,9.09,5.45,2.71
1312,BeaconHill,2026-01-25 00:20:34.347,True,5.63,80.2,10.0,241680.0,62.0,114.0,1138.0,2.12,3,0.0,False,False,3.77,33.0,-77,107208,6.18,9.11,6.52,2.07
1313,BeaconHill,2026-01-25 00:50:43.217,False,5.59,83.7,10.0,229957.0,54.0,73.0,728.0,0.84,3,0.0,False,False,3.76,30.0,-78,105636,6.13,9.17,6.7,2.19
1314,BeaconHill,2026-01-25 01:20:43.693,False,5.12,84.4,10.0,222899.0,65.0,129.0,1289.0,2.99,3,0.0,False,False,3.75,28.0,-78,105648,6.04,9.21,6.7,2.24
1315,BeaconHill,2026-01-25 01:30:21.920,True,4.92,84.6,10.0,224217.0,68.0,143.0,1430.0,4.12,3,0.0,True,False,3.75,28.0,-76,107220,6.0,9.22,6.7,2.25
1316,BeaconHill,2026-01-25 01:30:31.810,True,4.92,84.6,10.0,224217.0,68.0,143.0,1430.0,4.12,3,0.0,False,False,3.75,28.0,-70,107220,6.0,9.25,6.71,11.26
1317,BeaconHill,2026-01-25 01:44:04.250,True,4.87,83.7,10.0,225700.0,72.0,163.0,1634.0,6.54,3,0.0,True,False,3.75,26.0,-72,107220,12.61,11.45,6.74,11.43
1318,BeaconHill,2026-01-25 01:44:49.053,True,4.87,83.7,10.0,225700.0,72.0,163.0,1634.0,6.54,3,0.0,False,False,3.75,26.0,-75,107220,14.88,7.82,6.74,11.28
1319,BeaconHill,2026-01-25 02:14:54.317,False,4.78,82.0,10.0,229957.0,79.0,195.0,1950.0,13.39,3,0.0,False,False,3.74,24.0,-75,107220,14.7,7.6,6.76,11.22
1320,BeaconHill,2026-01-25 02:44:54.457,False,4.31,82.3,10.0,226599.0,91.0,247.0,2468.0,43.34,3,0.0,False,False,3.73,22.0,-78,105404,14.62,7.58,6.75,11.27
1321,BeaconHill,2026-01-25 02:55:52.407,True,4.2,82.4,10.0,225999.0,94.0,260.0,2602.0,58.7,3,0.0,True,False,3.73,22.0,-76,107220,7.94,7.59,6.76,11.26
1322,BeaconHill,2026-01-25 02:56:26.583,True,4.2,82.4,10.0,225999.0,94.0,260.0,2602.0,58.7,3,0.0,False,False,3.73,22.0,-75,107220,7.76,7.63,6.76,9.72
1323,BeaconHill,2026-01-25 03:07:55.713,True,4.09,82.1,10.0,234218.0,93.0,255.0,2549.0,52.13,3,0.0,True,False,3.73,19.0,-71,107220,7.6,7.41,6.75,9.2
1324,BeaconHill,2026-01-25 03:08:51.203,True,4.09,82.1,10.0,234218.0,93.0,255.0,2549.0,52.13,3,0.0,False,False,3.73,19.0,-73,107220,8.16,4.9,6.76,7.98
1325,BeaconHill,2026-01-25 03:38:55.977,False,3.71,82.6,10.0,234057.0,100.0,284.0,2839.0,100.6,3,0.0,False,False,3.72,18.0,-72,107208,8.07,4.75,6.77,7.77
1326,BeaconHill,2026-01-25 04:08:56.367,False,3.26,83.2,10.0,230891.0,111.0,327.0,3270.0,267.25,3,0.0,False,False,3.71,16.0,-72,105636,7.97,4.73,6.77,7.79
1327,BeaconHill,2026-01-25 04:38:56.870,False,3.01,83.7,10.0,234218.0,113.0,333.0,3328.0,304.96,3,0.0,False,False,3.71,14.0,-76,105648,7.89,4.72,6.78,7.83
1328,BeaconHill,2026-01-25 05:08:57.193,False,2.77,84.0,10.0,232939.0,119.0,351.0,3513.0,463.26,3,0.0,False,False,3.7,13.0,-75,105648,7.84,4.71,6.78,7.86
1329,BeaconHill,2026-01-25 05:38:57.933,False,2.57,84.2,10.0,229803.0,125.0,372.0,3721.0,743.08,3,0.0,False,False,3.68,12.0,-75,105608,7.8,4.71,6.79,7.89
1330,BeaconHill,2026-01-25 06:08:58.063,False,2.28,84.3,10.0,232780.0,131.0,389.0,3892.0,1000.0,3,0.0,False,False,3.69,11.0,-75,105376,7.76,4.7,6.81,7.94
1331,BeaconHill,2026-01-25 06:38:58.653,False,1.88,84.6,10.0,235673.0,139.0,415.0,4154.0,1000.0,3,0.0,False,False,3.68,9.0,-75,105620,7.71,4.69,6.82,8.0
1332,BeaconHill,2026-01-25 06:50:35.457,True,1.75,84.7,10.0,238140.0,141.0,419.0,4194.0,1000.0,3,0.0,True,False,3.68,9.0,-75,107208,7.68,4.61,7.57,7.87
1333,BeaconHill,2026-01-25 06:50:38.660,True,1.75,84.7,10.0,238140.0,141.0,419.0,4194.0,1000.0,3,0.0,False,False,3.68,9.0,-76,107208,7.68,4.59,7.59,8.49
1334,BeaconHill,2026-01-25 06:51:15.640,True,1.75,84.7,10.0,238140.0,141.0,419.0,4194.0,1000.0,3,0.0,True,False,3.68,9.0,-75,107208,17.3,4.58,7.85,8.56
1335,BeaconHill,2026-01-25 06:51:18.937,True,1.75,84.7,10.0,238140.0,141.0,419.0,4194.0,1000.0,3,0.0,False,False,3.68,9.0,-74,107208,17.26,4.58,7.86,8.6
1336,BeaconHill,2026-01-25 06:51:34.263,True,1.75,84.7,10.0,238140.0,141.0,419.0,4194.0,1000.0,3,0.0,True,False,3.68,9.0,-75,107208,17.14,4.61,7.9,9.22
1337,BeaconHill,2026-01-25 06:51:37.560,True,1.75,84.7,10.0,238140.0,141.0,419.0,4194.0,1000.0,3,0.0,False,False,3.68,9.0,-74,107208,17.12,4.63,7.9,9.21
1338,BeaconHill,2026-01-25 07:02:18.207,True,1.61,83.0,10.0,249270.0,147.0,444.0,4436.0,1000.0,3,0.0,True,False,3.68,9.0,-79,107208,17.23,4.67,7.96,8.97
1339,BeaconHill,2026-01-25 07:02:59.810,True,1.67,84.1,10.0,253717.0,137.0,400.0,3997.0,1000.0,3,0.0,False,False,3.68,8.0,-77,107208,17.17,4.07,7.69,5.96
1340,BeaconHill,2026-01-25 07:03:21.923,True,1.67,84.1,10.0,253717.0,137.0,400.0,3997.0,1000.0,3,0.0,True,False,3.68,8.0,-80,107208,17.15,4.14,7.67,5.85
1341,BeaconHill,2026-01-25 07:03:44.363,True,1.67,84.1,10.0,253717.0,137.0,400.0,3997.0,1000.0,3,0.0,False,False,3.68,8.0,-79,107208,17.14,4.18,7.65,2.98
1342,BeaconHill,2026-01-25 07:16:03.167,True,1.66,83.5,10.0,254663.0,140.0,411.0,4113.0,1000.0,3,0.0,True,False,3.68,8.0,-74,107208,16.32,4.14,7.62,2.85
1343,BeaconHill,2026-01-25 07:16:29.680,True,1.66,83.5,10.0,254663.0,140.0,411.0,4113.0,1000.0,3,0.0,False,False,3.68,8.0,-77,107208,15.11,3.41,7.67,2.87
1344,BeaconHill,2026-01-25 07:46:39.207,False,1.22,84.2,10.0,262094.0,145.0,424.0,4240.0,1000.0,3,0.0,False,False,3.67,7.0,-79,107208,13.32,1.75,7.69,2.98
1345,BeaconHill,2026-01-25 08:16:39.397,False,0.88,84.6,10.0,261091.0,154.0,451.0,4513.0,1000.0,3,0.0,False,False,3.67,7.0,-77,105648,13.27,1.8,7.69,3.04
1346,BeaconHill,2026-01-25 08:46:39.490,False,0.42,84.8,10.0,262094.0,167.0,489.0,4893.0,1000.0,3,0.0,False,False,3.66,6.0,-73,105404,13.22,1.82,7.69,3.11
1347,BeaconHill,2026-01-25 08:49:18.797,True,0.37,84.9,10.0,262094.0,168.0,492.0,4921.0,1000.0,3,0.0,True,False,3.66,6.0,-74,107220,37.23,1.64,7.71,3.01
1348,BeaconHill,2026-01-25 08:49:24.723,True,0.37,84.9,10.0,262094.0,168.0,492.0,4921.0,1000.0,3,0.0,False,False,3.66,6.0,-73,107220,37.18,1.62,7.71,2.05
1349,BeaconHill,2026-01-25 08:49:29.440,True,0.37,84.9,10.0,262094.0,168.0,492.0,4921.0,1000.0,3,0.0,True,False,3.66,6.0,-72,107220,37.12,1.59,7.71,2.04
1350,BeaconHill,2026-01-25 08:49:48.837,True,0.37,84.9,10.0,262094.0,168.0,492.0,4921.0,1000.0,3,0.0,False,False,3.66,6.0,-71,107220,36.98,0.21,7.71,2.94
1351,BeaconHill,2026-01-25 08:49:58.993,True,0.37,84.9,10.0,262094.0,168.0,492.0,4921.0,1000.0,3,0.0,True,False,3.66,6.0,-72,107220,36.92,0.21,7.72,2.96
1352,BeaconHill,2026-01-25 08:50:20.887,True,0.37,84.9,10.0,262094.0,168.0,492.0,4921.0,1000.0,3,0.0,False,False,3.66,6.0,-73,107220,36.26,0.23,7.71,1.96
1353,BeaconHill,2026-01-25 09:20:29.717,False,0.19,85.5,10.0,261291.0,170.0,493.0,4931.0,1000.0,3,0.0,False,False,3.66,6.0,-74,107216,33.25,0.37,7.73,1.97
1354,BeaconHill,2026-01-25 09:50:29.993,False,-0.05,85.5,10.0,266181.0,176.0,503.0,5025.0,1000.0,3,0.0,False,False,3.65,6.0,-75,105400,33.04,0.38,7.73,2.0
1355,BeaconHill,2026-01-25 09:50:44.463,True,-0.05,85.5,10.0,266181.0,176.0,503.0,5025.0,1000.0,3,0.0,True,False,3.65,6.0,-77,107216,33.04,0.38,7.73,2.0
1356,BeaconHill,2026-01-25 09:51:01.090,True,-0.05,85.5,10.0,266181.0,176.0,503.0,5025.0,1000.0,3,0.0,False,False,3.65,6.0,-78,107216,33.03,0.37,7.73,2.0
1357,BeaconHill,2026-01-25 10:21:10.087,False,-0.25,85.7,10.0,277657.0,174.0,489.0,4885.0,1000.0,3,0.0,False,False,3.65,5.0,-74,107216,32.88,-0.02,7.73,2.04
1358,BeaconHill,2026-01-25 10:26:58.967,True,-0.33,85.7,10.0,276309.0,178.0,501.0,5007.0,1000.0,3,0.0,True,False,3.65,5.0,-73,107212,25.07,-0.07,6.57,1.99
1359,BeaconHill,2026-01-25 10:27:16.080,True,-0.33,85.7,10.0,276309.0,178.0,501.0,5007.0,1000.0,3,0.0,False,False,3.65,5.0,-75,107212,25.09,-0.68,6.5,2.67
1360,BeaconHill,2026-01-25 10:57:21.017,False,-0.56,85.9,10.0,279247.0,183.0,508.0,5079.0,1000.0,3,0.0,False,False,3.64,5.0,-73,105640,25.04,-0.64,6.5,2.79
1361,BeaconHill,2026-01-25 11:27:21.360,False,-0.78,85.5,10.0,278564.0,193.0,533.0,5334.0,1000.0,3,0.0,False,False,3.64,5.0,-76,105640,25.04,-0.6,6.5,2.84
1362,BeaconHill,2026-01-25 11:57:21.977,False,-0.96,85.3,10.0,279934.0,200.0,546.0,5464.0,1000.0,2,0.0,False,False,3.63,4.0,-74,105384,25.02,-0.59,6.5,2.88
1363,BeaconHill,2026-01-25 12:27:22.320,False,-1.13,85.3,10.0,283421.0,198.0,550.0,5503.0,1000.0,3,0.0,False,False,3.63,4.0,-75,105384,24.98,-0.56,6.49,2.92
1364,BeaconHill,2026-01-25 12:34:36.380,True,-1.15,85.2,10.0,285078.0,198.0,547.0,5470.0,1000.0,3,0.0,True,False,3.63,4.0,-75,107200,25.0,-0.61,6.49,2.87
1365,BeaconHill,2026-01-25 12:34:40.350,True,-1.15,85.2,10.0,285078.0,198.0,547.0,5470.0,1000.0,3,0.0,False,False,3.63,4.0,-75,107200,25.0,-0.64,6.49,2.88
1366,BeaconHill,2026-01-25 13:04:43.237,False,-1.29,85.4,10.0,282016.0,200.0,557.0,5572.0,1000.0,2,0.0,False,False,3.62,4.0,-73,107220,24.98,-0.81,6.5,2.97
1367,BeaconHill,2026-01-25 13:34:43.567,False,-1.38,85.2,10.0,286034.0,200.0,553.0,5529.0,1000.0,2,0.0,False,False,3.62,3.0,-71,105648,24.96,-0.78,6.49,3.0
1368,BeaconHill,2026-01-25 14:04:43.967,False,-1.5,85.1,10.0,289675.0,199.0,551.0,5514.0,1000.0,2,0.0,False,False,3.62,3.0,-84,105368,24.95,-0.75,6.49,3.03
1369,BeaconHill,2026-01-25 14:34:44.577,False,-1.62,85.0,10.0,286754.0,200.0,565.0,5646.0,1000.0,2,0.0,False,False,3.62,3.0,-81,105612,24.93,-0.74,6.49,3.04
1370,BeaconHill,2026-01-25 15:04:44.860,False,-1.74,85.0,10.0,282717.0,200.0,577.0,5769.0,1000.0,2,0.0,False,False,3.61,3.0,-81,105408,24.91,-0.72,6.49,3.06
1371,BeaconHill,2026-01-25 15:34:45.187,False,-1.94,85.0,10.0,282951.0,200.0,589.0,5890.0,1000.0,2,0.0,False,False,3.61,3.0,-84,105652,24.89,-0.71,6.49,3.09
1372,BeaconHill,2026-01-25 16:23:50.573,False,-2.02,85.0,10.0,283892.0,140.0,391.0,3907.0,1000.0,2,0.0,False,False,3.6,2.0,-85,107572,24.87,-0.69,6.5,3.13
1373,BeaconHill,2026-01-25 16:53:50.740,False,-1.75,84.8,10.0,278110.0,137.0,371.0,3712.0,728.17,3,0.0,False,False,3.59,2.0,-79,105992,24.89,-0.65,6.51,3.12
1374,BeaconHill,2026-01-25 17:23:51.187,False,-1.38,84.6,10.0,282483.0,124.0,320.0,3198.0,226.81,3,0.0,False,False,3.58,2.0,-79,106000,24.94,-0.61,6.52,3.09
1375,BeaconHill,2026-01-25 17:37:19.180,True,-1.14,84.5,10.0,280394.0,119.0,299.0,2992.0,142.32,3,0.0,True,False,3.58,2.0,-67,107584,24.98,-0.6,6.52,3.06
1376,BeaconHill,2026-01-25 17:38:03.857,True,-1.14,84.5,10.0,280394.0,119.0,299.0,2992.0,142.32,3,0.0,False,False,3.58,2.0,-79,107584,24.98,1.86,6.5,2.78
1377,BeaconHill,2026-01-25 18:08:11.553,False,-0.65,84.6,10.0,263307.0,115.0,280.0,2796.0,91.27,3,0.0,False,False,3.59,2.0,-77,107120,24.03,1.57,7.4,2.15
1378,BeaconHill,2026-01-25 18:38:11.917,False,-0.05,84.0,10.0,247642.0,111.0,259.0,2593.0,57.6,3,0.0,False,False,3.59,2.0,-88,105556,24.14,1.51,7.4,2.08
1379,BeaconHill,2026-01-25 18:39:04.133,True,0.03,83.9,10.0,246925.0,109.0,253.0,2531.0,49.97,3,0.0,True,False,3.59,2.0,-83,107380,24.14,1.51,7.4,2.07
1380,BeaconHill,2026-01-25 18:39:11.807,True,0.03,83.9,10.0,246925.0,109.0,253.0,2531.0,49.97,3,0.0,False,False,3.59,2.0,-86,107380,24.14,1.58,7.4,2.07
1381,BeaconHill,2026-01-25 19:04:45.150,True,0.6,83.6,10.0,246569.0,94.0,199.0,1985.0,14.51,3,0.0,True,False,3.59,2.0,-81,107380,24.22,1.43,5.18,2.17
1382,BeaconHill,2026-01-25 19:04:55.357,True,0.6,83.6,10.0,246569.0,94.0,199.0,1985.0,14.51,3,0.0,False,False,3.59,2.0,-84,107380,24.22,0.86,5.2,2.23
1383,BeaconHill,2026-01-25 19:13:34.837,True,0.74,83.4,10.0,247283.0,90.0,186.0,1857.0,10.86,3,0.0,True,False,3.59,2.0,-75,106940,24.26,0.88,5.24,2.33
1384,BeaconHill,2026-01-25 19:13:53.027,True,0.74,83.4,10.0,247283.0,90.0,186.0,1857.0,10.86,3,0.0,False,False,3.59,2.0,-79,106980,24.25,0.87,5.23,4.64
1385,BeaconHill,2026-01-25 19:44:02.457,False,1.73,83.8,10.0,246213.0,58.0,78.0,776.0,0.94,3,0.0,False,False,3.59,2.0,-78,107388,24.4,0.86,5.22,4.67
1386,BeaconHill,2026-01-25 20:05:06.003,True,2.42,83.2,10.0,247104.0,50.0,50.0,500.0,0.5,2,0.0,True,False,3.58,2.0,-78,107388,24.51,0.85,5.21,4.59
1387,BeaconHill,2026-01-25 20:06:20.987,True,2.42,83.2,10.0,247104.0,50.0,50.0,500.0,0.5,2,0.0,False,False,3.58,2.0,-76,107388,24.83,0.18,5.19,3.6
1388,BeaconHill,2026-01-25 20:14:32.137,True,2.67,83.7,10.0,249452.0,47.0,39.0,447.0,0.39,2,0.0,True,False,3.58,2.0,-80,107388,24.93,0.17,5.21,3.62
1389,BeaconHill,2026-01-25 20:15:07.170,True,2.67,83.7,10.0,249452.0,47.0,39.0,447.0,0.39,2,0.0,False,False,3.58,2.0,-76,107388,24.93,0.33,5.19,2.35
1390,BeaconHill,2026-01-25 20:28:28.643,True,2.87,83.0,10.0,250183.0,50.0,50.0,500.0,0.5,2,0.0,True,False,3.58,2.0,-80,107376,25.0,0.27,5.13,2.19
1391,BeaconHill,2026-01-25 20:29:04.560,True,2.95,82.8,10.0,250367.0,50.0,50.0,500.0,0.5,2,0.0,False,False,3.58,2.0,-78,107076,24.99,0.32,5.12,2.65
1392,BeaconHill,2026-01-25 20:59:13.647,False,3.45,82.8,10.0,245328.0,50.0,50.0,500.0,0.5,2,0.0,False,False,3.58,2.0,-79,105796,25.15,0.28,5.12,2.48
1393,BeaconHill,2026-01-25 21:29:14.287,False,3.84,82.8,10.0,235673.0,50.0,50.0,500.0,0.5,2,0.0,False,False,3.58,2.0,-73,105420,25.28,0.27,5.11,2.38
1394,BeaconHill,2026-01-25 21:32:53.607,True,3.84,82.8,10.0,235673.0,50.0,50.0,500.0,0.5,2,0.0,True,False,3.58,2.0,-71,107236,25.3,0.27,5.1,2.36
1395,BeaconHill,2026-01-25 21:32:58.547,True,3.84,82.8,10.0,235673.0,50.0,50.0,500.0,0.5,2,0.0,False,False,3.58,2.0,-71,107236,25.29,0.33,5.1,2.4
1396,BeaconHill,2026-01-25 21:57:38.080,True,4.11,84.0,10.0,231989.0,50.0,50.0,500.0,0.5,2,0.0,True,False,3.57,2.0,-72,107232,25.39,0.28,5.11,2.59
1397,BeaconHill,2026-01-25 21:57:59.990,True,4.11,84.0,10.0,231989.0,50.0,50.0,500.0,0.5,2,0.0,False,False,3.57,2.0,-72,107232,25.39,0.27,5.1,2.28
1398,BeaconHill,2026-01-25 22:23:51.000,True,4.35,84.4,10.0,231360.0,50.0,50.0,500.0,0.5,2,0.0,True,False,3.57,2.0,-71,107232,25.49,0.25,5.09,2.29
1399,BeaconHill,2026-01-25 22:23:53.330,True,4.35,84.4,10.0,231360.0,50.0,50.0,500.0,0.5,2,0.0,False,False,3.57,2.0,-70,107232,25.49,0.25,5.09,2.29
1400,BeaconHill,2026-01-25 22:38:26.417,True,4.42,84.4,10.0,230735.0,50.0,51.0,513.0,0.51,3,0.0,True,False,3.57,2.0,-71,107232,25.55,0.25,5.09,2.28
1401,BeaconHill,2026-01-25 22:38:33.667,True,4.42,84.4,10.0,230735.0,50.0,51.0,513.0,0.51,3,0.0,False,False,3.57,2.0,-71,107232,25.54,0.25,5.09,2.28
1402,BeaconHill,2026-01-25 23:08:35.220,False,4.65,85.2,10.0,225253.0,50.0,50.0,500.0,0.5,2,0.0,False,False,3.56,2.0,-71,107248,25.62,0.2,6.7,2.19
1403,BeaconHill,2026-01-25 23:27:45.230,True,4.85,85.2,10.0,223191.0,50.0,50.0,500.0,0.5,2,0.0,True,False,3.56,2.0,-72,107248,25.68,0.17,5.03,2.11
1404,BeaconHill,2026-01-25 23:28:06.280,True,4.85,85.2,10.0,223191.0,50.0,50.0,500.0,0.5,2,0.0,False,False,3.56,2.0,-72,107248,25.68,0.15,5.04,2.22
1405,BeaconHill,2026-01-25 23:46:27.470,True,5.06,85.2,10.0,226749.0,50.0,50.0,500.0,0.5,2,0.0,True,False,3.56,2.0,-72,107248,25.74,0.13,5.06,1.77
1406,BeaconHill,2026-01-25 23:46:37.797,True,5.06,85.2,10.0,226749.0,50.0,50.0,500.0,0.5,2,0.0,False,False,3.56,2.0,-72,107248,26.36,0.0,5.06,1.75
1407,BeaconHill,2026-01-26 00:16:45.473,False,5.18,85.2,10.0,225104.0,52.0,58.0,579.0,0.6,3,0.0,False,False,3.56,2.0,-74,107248,26.46,-0.38,5.06,1.68
1408,BeaconHill,2026-01-26 00:35:23.520,True,4.87,85.2,10.0,226448.0,58.0,85.0,847.0,1.1,3,0.0,True,False,3.55,2.0,-73,107248,26.48,-0.38,5.06,1.66
1409,BeaconHill,2026-01-26 00:35:28.363,True,4.87,85.2,10.0,226448.0,58.0,85.0,847.0,1.1,3,0.0,False,False,3.55,2.0,-72,107248,26.5,-0.38,5.06,1.64
1410,BeaconHill,2026-01-26 01:05:35.603,False,3.87,85.4,10.0,231203.0,77.0,168.0,1676.0,7.19,3,0.0,False,False,3.55,2.0,-72,105688,26.96,-0.35,5.09,1.61
1411,BeaconHill,2026-01-26 01:05:57.963,True,3.87,85.4,10.0,231203.0,77.0,168.0,1676.0,7.19,3,0.0,True,False,3.55,2.0,-74,107260,25.34,-0.65,5.07,1.55
1412,BeaconHill,2026-01-26 01:06:23.127,True,3.87,85.4,10.0,231203.0,77.0,168.0,1676.0,7.19,3,0.0,False,False,3.55,2.0,-73,107260,25.61,-0.68,5.05,1.63
1413,BeaconHill,2026-01-26 01:10:55.483,True,3.68,85.5,10.0,232147.0,80.0,181.0,1807.0,9.69,3,0.0,True,False,3.55,2.0,-73,107208,24.55,-0.71,5.06,1.66
1414,BeaconHill,2026-01-26 01:11:03.407,True,3.68,85.5,10.0,232147.0,80.0,181.0,1807.0,9.69,3,0.0,False,False,3.55,2.0,-74,107208,24.54,-0.74,5.04,1.65
1415,BeaconHill,2026-01-26 01:29:07.030,True,3.18,85.6,10.0,239644.0,87.0,208.0,2082.0,18.08,3,0.0,True,False,3.54,2.0,-76,107208,24.48,-0.81,5.25,1.6
1416,BeaconHill,2026-01-26 01:29:08.593,True,3.18,85.6,10.0,239644.0,87.0,208.0,2082.0,18.08,3,0.0,False,False,3.54,2.0,-75,107208,24.48,-0.82,5.25,1.6
1417,BeaconHill,2026-01-26 01:29:12.093,True,3.18,85.6,10.0,239644.0,87.0,208.0,2082.0,18.08,3,0.0,True,False,3.54,2.0,-71,107208,23.26,-0.84,5.25,1.57
1418,BeaconHill,2026-01-26 01:29:22.830,True,3.18,85.6,10.0,239644.0,87.0,208.0,2082.0,18.08,3,0.0,False,False,3.54,2.0,-76,107208,23.21,-0.8,5.25,1.57
1419,BeaconHill,2026-01-26 01:38:38.317,True,3.06,85.9,10.0,238472.0,89.0,217.0,2172.0,22.17,3,0.0,True,False,3.54,2.0,-77,107208,23.13,-0.85,5.26,1.62
1420,BeaconHill,2026-01-26 01:38:41.847,True,3.06,85.9,10.0,238472.0,89.0,217.0,2172.0,22.17,3,0.0,False,False,3.54,2.0,-75,107208,23.13,-0.86,5.26,1.61
1421,BeaconHill,2026-01-26 02:07:06.383,True,2.62,86.7,10.0,239981.0,96.0,241.0,2410.0,37.98,3,0.0,True,False,3.54,2.0,-75,107248,23.0,-0.95,5.27,1.67
1422,BeaconHill,2026-01-26 02:07:32.340,True,2.62,86.7,10.0,239981.0,96.0,241.0,2410.0,37.98,3,0.0,False,False,3.54,2.0,-71,107248,22.99,-0.94,5.27,1.87
1423,BeaconHill,2026-01-26 02:37:37.003,False,2.46,87.1,10.0,227961.0,105.0,275.0,2750.0,82.08,3,0.0,False,False,3.54,1.0,-74,107248,22.91,-0.95,5.26,1.56
1424,BeaconHill,2026-01-26 03:07:37.513,False,2.17,87.0,10.0,231989.0,110.0,292.0,2918.0,120.19,3,0.0,False,False,3.53,1.0,-73,105644,22.84,-0.95,5.26,1.61
1425,BeaconHill,2026-01-26 03:37:37.860,False,1.77,86.9,10.0,234540.0,120.0,323.0,3227.0,242.53,3,0.0,False,False,3.53,1.0,-72,105644,22.76,-0.94,5.27,1.67
1426,BeaconHill,2026-01-26 04:02:46.707,True,1.5,86.9,10.0,236490.0,125.0,339.0,3393.0,352.89,3,0.0,True,False,3.52,1.0,-72,107236,22.71,-0.95,5.28,1.71
1427,BeaconHill,2026-01-26 04:03:02.180,True,1.5,86.9,10.0,236490.0,125.0,339.0,3393.0,352.89,3,0.0,False,False,3.52,1.0,-72,107236,22.71,-0.95,4.61,2.63
1428,BeaconHill,2026-01-26 04:33:09.123,False,1.26,86.8,10.0,243404.0,127.0,342.0,3418.0,373.34,3,0.0,False,False,3.52,1.0,-74,105664,22.66,-0.97,4.64,2.57
1429,BeaconHill,2026-01-26 05:03:09.620,False,1.13,87.0,10.0,242884.0,131.0,349.0,3491.0,441.15,3,0.0,False,False,3.51,1.0,-74,105668,22.62,-0.96,4.64,2.61
1430,BeaconHill,2026-01-26 05:33:09.993,False,1.06,86.9,10.0,243404.0,133.0,350.0,3500.0,450.05,3,0.0,False,False,3.51,1.0,-74,105668,22.6,-0.94,4.64,2.63
1431,BeaconHill,2026-01-26 06:03:10.463,False,1.03,86.8,10.0,246036.0,132.0,342.0,3416.0,372.37,3,0.0,False,False,3.5,1.0,-75,105668,22.59,-0.92,4.64,2.64
1432,BeaconHill,2026-01-26 06:33:10.947,False,0.94,86.7,10.0,246569.0,135.0,346.0,3458.0,408.86,3,0.0,False,False,3.48,1.0,-74,105684,22.59,-0.9,4.65,2.68
1433,BeaconHill,2026-01-26 06:41:09.847,True,0.87,86.7,10.0,246213.0,138.0,352.0,3518.0,468.73,3,0.0,True,False,3.48,1.0,-74,107264,22.58,-0.89,4.64,2.69
1434,BeaconHill,2026-01-26 06:41:39.977,True,0.87,86.7,10.0,246213.0,138.0,352.0,3518.0,468.73,3,0.0,False,False,3.48,1.0,-72,107264,22.57,-0.84,4.64,2.67
1435,BeaconHill,2026-01-26 07:11:41.157,False,0.65,86.8,10.0,246747.0,143.0,365.0,3646.0,626.65,3,0.0,False,False,3.49,1.0,-74,106984,22.56,-0.94,4.66,2.61
1436,BeaconHill,2026-01-26 07:41:41.740,False,0.43,86.9,10.0,243057.0,152.0,387.0,3872.0,1000.0,3,0.0,False,False,3.48,1.0,-75,105420,22.52,-0.93,4.67,2.65
1437,BeaconHill,2026-01-26 08:11:41.400,False,0.36,86.8,10.0,244100.0,154.0,385.0,3851.0,998.35,3,0.0,False,False,3.47,1.0,-76,105420,22.5,-0.91,4.67,2.68
1438,BeaconHill,2026-01-26 08:41:41.867,False,0.19,86.6,10.0,249088.0,157.0,388.0,3877.0,1000.0,3,0.0,False,False,3.47,1.0,-75,105420,22.46,-0.91,4.68,2.73
1439,BeaconHill,2026-01-26 09:11:42.273,False,0.16,86.6,10.0,248002.0,159.0,387.0,3875.0,1000.0,3,0.0,False,False,3.46,0.0,-76,105664,22.44,-0.9,4.68,2.76
1440,BeaconHill,2026-01-26 09:41:42.650,False,0.05,86.5,10.0,250551.0,161.0,388.0,3881.0,1000.0,3,0.0,False,False,3.45,0.0,-76,105672,22.42,-0.89,4.69,2.8
1441,BeaconHill,2026-01-26 10:11:43.100,False,-0.04,86.4,10.0,252403.0,163.0,386.0,3863.0,1000.0,3,0.0,False,False,3.44,0.0,-74,105668,22.41,-0.89,4.69,2.82
1442,BeaconHill,2026-01-26 10:41:43.673,False,-0.23,86.4,10.0,253528.0,169.0,397.0,3971.0,1000.0,3,0.0,False,False,3.44,0.0,-75,105640,22.38,-0.89,4.69,2.86
1443,BeaconHill,2026-01-26 11:11:44.080,False,-0.25,86.4,10.0,252217.0,170.0,394.0,3939.0,1000.0,3,0.0,False,False,3.43,0.0,-77,105396,22.37,-0.88,4.69,2.87
1444,BeaconHill,2026-01-26 11:41:44.597,False,-0.2,86.3,10.0,252964.0,169.0,382.0,3817.0,923.95,3,0.0,False,False,3.43,0.0,-75,105628,22.37,-0.87,4.7,2.88
1445,BeaconHill,2026-01-26 12:11:45.037,False,-0.08,86.2,10.0,255044.0,163.0,360.0,3605.0,570.65,3,0.0,False,False,3.42,0.0,-76,105628,22.39,-0.86,4.7,2.88
1446,BeaconHill,2026-01-26 12:41:45.517,False,-0.02,86.0,10.0,254094.0,163.0,354.0,3537.0,489.47,3,0.0,False,False,3.41,0.0,-75,105652,22.4,-0.85,4.7,2.87
1447,BeaconHill,2026-01-26 13:11:46.090,False,0.04,85.9,10.0,255044.0,161.0,341.0,3412.0,368.3,3,0.0,False,False,3.41,0.0,-76,105428,22.42,-0.84,4.69,2.87
1448,BeaconHill,2026-01-26 13:41:46.470,False,-0.06,85.8,10.0,252777.0,167.0,351.0,3508.0,457.78,3,0.0,False,False,3.39,0.0,-75,105672,22.42,-0.84,4.69,2.87
1449,BeaconHill,2026-01-26 14:11:46.973,False,-0.16,86.0,10.0,251659.0,171.0,355.0,3550.0,503.69,3,0.0,False,False,3.39,0.0,-74,105656,22.42,-0.84,4.69,2.89
1450,BeaconHill,2026-01-26 14:41:47.737,False,-0.08,86.0,10.0,255044.0,165.0,333.0,3330.0,305.86,3,0.0,False,False,3.38,0.0,-75,105656,22.43,-0.83,4.7,2.89
1451,BeaconHill,2026-01-26 15:11:48.330,False,-0.02,85.9,10.0,253528.0,164.0,326.0,3263.0,262.81,3,0.0,False,False,3.37,0.0,-72,105412,22.45,-0.83,4.69,2.88
1452,BeaconHill,2026-01-26 15:41:48.707,False,0.05,85.7,10.0,247283.0,168.0,330.0,3299.0,285.59,3,0.0,False,False,3.35,0.0,-71,105656,22.46,-0.82,4.69,2.88
1453,BeaconHill,2026-01-26 15:45:44.907,True,0.1,85.7,10.0,247463.0,166.0,324.0,3240.0,249.59,3,0.0,True,False,3.35,0.0,-74,107236,22.52,-0.79,4.69,2.83
1454,BeaconHill,2026-01-26 15:45:51.593,True,0.1,85.7,10.0,247463.0,166.0,324.0,3240.0,249.59,3,0.0,False,False,3.35,0.0,-73,107236,22.6,-0.78,4.69,3.44
1455,BeaconHill,2026-01-26 16:15:58.907,False,0.41,83.3,10.0,243230.0,175.0,339.0,3389.0,349.74,3,0.0,False,False,3.33,0.0,-71,105656,22.91,-0.89,4.76,3.82
1456,BeaconHill,2026-01-26 16:45:59.227,False,0.47,82.6,10.0,240150.0,181.0,347.0,3466.0,416.75,3,0.0,False,False,3.3,0.0,-71,105656,22.92,-0.87,4.76,3.81
1457,BeaconHill,2026-01-26 16:57:55.180,True,0.52,82.6,10.0,239141.0,180.0,342.0,3420.0,375.19,3,0.0,True,False,3.25,0.0,-68,107236,22.93,-0.86,4.76,3.81
1458,BeaconHill,2026-01-26 16:58:17.310,True,0.52,82.6,10.0,239141.0,180.0,342.0,3420.0,375.19,3,0.0,False,False,3.25,0.0,-67,107236,22.92,-0.92,4.75,3.7
1459,BeaconHill,2026-01-26 17:28:20.230,False,0.86,84.2,10.0,241168.0,150.0,269.0,2690.0,71.76,3,0.0,False,False,3.2,0.0,-72,105640,22.97,-0.82,4.73,3.78
1460,BeaconHill,2026-01-26 17:28:24.187,True,0.86,84.2,10.0,241168.0,150.0,269.0,2690.0,71.76,3,0.0,True,False,3.2,0.0,-72,107220,22.97,-0.82,4.73,3.77
1461,BeaconHill,2026-01-26 17:28:27.700,True,0.86,84.2,10.0,241168.0,150.0,269.0,2690.0,71.76,3,0.0,False,False,3.2,0.0,-72,107220,22.97,-0.82,4.73,3.78
1462,BeaconHill,2026-01-26 17:58:30.510,False,1.26,83.2,10.0,239308.0,141.0,245.0,2451.0,41.73,3,0.0,False,False,3.14,0.0,-71,105392,22.89,-0.82,4.72,3.66
1463,BeaconHill,2026-01-26 18:20:58.620,True,1.77,82.7,10.0,235836.0,125.0,210.0,2099.0,18.76,3,0.0,True,False,3.14,0.0,-71,107216,22.96,-0.81,4.71,3.59
1464,BeaconHill,2026-01-26 18:21:04.997,True,1.77,82.7,10.0,235836.0,125.0,210.0,2099.0,18.76,3,0.0,False,False,3.14,0.0,-72,107216,22.96,-0.81,4.71,3.59
1465,BeaconHill,2026-01-26 18:51:11.760,False,2.33,83.2,10.0,234379.0,95.0,144.0,1439.0,4.2,3,0.0,False,False,3.06,0.0,-76,107248,23.04,-0.83,4.69,3.49
1466,BeaconHill,2026-01-26 19:04:58.827,True,2.58,83.1,10.0,232463.0,86.0,124.0,1244.0,2.7,3,0.0,True,False,2.94,0.0,-78,107236,23.1,-0.81,4.69,3.47
1467,BeaconHill,2026-01-26 19:05:15.907,True,2.58,83.1,10.0,232463.0,86.0,124.0,1244.0,2.7,3,0.0,False,False,2.94,0.0,-77,107236,23.09,-0.82,4.68,2.86
1468,BeaconHill,2026-01-26 19:05:18.207,True,2.58,83.1,10.0,232463.0,86.0,124.0,1244.0,2.7,3,0.0,True,False,2.94,0.0,-76,107236,23.09,-0.84,4.68,2.81
1469,BeaconHill,2026-01-26 19:05:20.410,True,2.58,83.1,10.0,232463.0,86.0,124.0,1244.0,2.7,3,0.0,False,False,2.94,0.0,-77,107236,23.09,-0.84,4.68,2.79
1470,BeaconHill,2026-01-26 19:52:43.453,True,4.06,83.4,10.0,254663.0,0.0,0.0,400.0,0.16,0,0.0,True,False,0.0,0.0,-84,107808,23.3,-0.87,3.71,1.49
1591,BeaconHill,2026-01-28 03:44:24.440,True,8.88,73.1,10.0,296984.0,0.0,0.0,400.0,0.16,0,0.0,False,True,0.0,0.0,-71,97608,76.81,0.59,1.12,0.21
1592,BeaconHill,2026-01-28 03:44:36.863,True,8.83,75.1,10.0,277206.0,0.0,0.0,400.0,0.16,0,0.0,False,False,0.0,0.0,-71,97308,76.81,0.6,1.13,0.23
1593,BeaconHill,2026-01-28 03:49:06.597,True,8.83,76.3,10.0,219884.0,0.0,0.0,400.0,0.16,0,0.0,False,True,0.0,0.0,-72,93352,76.79,0.64,1.13,0.23
1594,BeaconHill,2026-01-28 03:49:18.973,True,8.76,76.9,10.0,217225.0,0.0,0.0,400.0,0.16,0,0.0,False,False,0.0,0.0,-71,90360,76.77,0.58,1.13,0.16
1595,BeaconHill,2026-01-28 03:49:20.520,True,8.76,76.9,10.0,217225.0,0.0,0.0,400.0,0.16,0,0.0,True,False,0.0,0.0,-72,93076,76.77,0.59,1.13,0.18
1596,BeaconHill,2026-01-28 03:49:25.130,True,8.84,76.5,10.0,216811.0,0.0,0.0,400.0,0.16,0,0.0,True,True,0.0,0.0,-70,90360,76.78,0.59,1.13,0.2
1597,BeaconHill,2026-01-28 03:52:49.710,True,8.81,70.6,10.0,209236.0,0.0,0.0,400.0,0.16,2,0.0,True,False,0.0,0.0,-69,91492,2.91,0.0,0.0,0.13
1598,BeaconHill,2026-01-28 03:52:52.680,True,8.81,70.6,10.0,210008.0,0.0,0.0,400.0,0.16,2,0.0,False,False,0.0,0.0,-71,91500,2.91,0.0,0.0,0.14
1599,BeaconHill,2026-01-28 03:54:21.410,True,8.8,71.7,10.0,205953.0,0.0,0.0,400.0,0.16,2,0.0,False,True,0.0,0.0,-69,91500,2.91,0.0,0.0,0.12
1600,BeaconHill,2026-01-28 03:54:38.150,True,8.81,71.9,10.0,204228.0,0.0,0.0,400.0,0.16,2,0.0,False,False,0.0,0.0,-70,91500,0.58,0.0,0.0,0.0
1601,BeaconHill,2026-01-28 04:00:56.970,True,8.84,73.7,10.0,253528.0,0.0,0.0,400.0,0.16,0,0.0,True,False,0.0,0.0,-70,94748,0.64,0.0,0.0,0.11
1602,BeaconHill,2026-01-28 04:01:00.610,True,8.86,73.7,10.0,251288.0,0.0,0.0,400.0,0.16,0,0.0,False,False,0.0,0.0,-70,94468,0.64,0.0,0.0,0.11
1603,BeaconHill,2026-01-28 04:01:05.113,True,8.86,73.7,10.0,251288.0,0.0,0.0,400.0,0.16,0,0.0,False,True,0.0,0.0,-71,94468,0.64,0.0,0.0,0.1
1604,BeaconHill,2026-01-28 04:01:09.613,True,8.86,73.7,10.0,251288.0,0.0,0.0,400.0,0.16,0,0.0,False,False,0.0,0.0,-70,94468,0.63,0.0,0.0,0.0
1605,BeaconHill,2026-01-28 04:22:55.663,True,8.85,59.0,10.0,209493.0,0.0,0.0,400.0,0.16,0,0.0,False,True,0.0,0.0,-74,95700,0.59,0.0,0.0,0.0
1606,BeaconHill,2026-01-28 04:23:05.110,True,8.93,64.0,10.0,5616730.0,0.0,0.0,400.0,0.16,0,0.0,False,False,0.0,0.0,-76,90608,0.59,0.0,0.0,0.0
1607,BeaconHill,2026-01-28 04:23:07.643,True,9.14,65.2,10.0,5300550.0,0.0,0.0,400.0,0.16,0,0.0,False,True,0.0,0.0,-73,93184,0.59,0.0,0.0,0.0
1608,BeaconHill,2026-01-28 04:23:09.407,True,9.14,65.2,10.0,5300550.0,0.0,0.0,400.0,0.16,0,0.0,False,False,0.0,0.0,-72,93176,0.59,0.0,0.0,0.0
1609,BeaconHill,2026-01-28 04:31:05.133,True,8.87,76.2,10.0,228113.0,0.0,0.0,400.0,0.16,0,0.0,False,True,0.0,0.0,-73,94280,0.57,0.0,0.0,0.0
1610,BeaconHill,2026-01-28 04:32:53.460,True,8.94,74.3,10.0,384312.0,0.0,0.0,400.0,0.16,0,0.0,False,True,0.0,0.0,-72,97516,0.57,0.0,0.0,0.0
1611,BeaconHill,2026-01-28 04:34:41.883,True,8.89,76.3,10.0,273650.0,0.0,0.0,400.0,0.16,0,0.0,False,False,0.0,0.0,-72,97532,0.56,0.0,0.0,0.0
1612,BeaconHill,2026-01-28 04:34:43.647,True,8.89,76.3,10.0,273650.0,0.0,0.0,400.0,0.16,0,0.0,False,True,0.0,0.0,-72,97532,0.56,0.0,0.0,0.0
1613,BeaconHill,2026-01-28 04:34:51.100,True,8.89,76.3,10.0,273650.0,0.0,0.0,400.0,0.16,0,0.0,False,False,0.0,0.0,-68,97532,0.57,0.0,0.0,0.0
1614,BeaconHill,2026-01-28 04:34:53.743,True,8.89,76.3,10.0,273650.0,0.0,0.0,400.0,0.16,0,0.0,False,True,0.0,0.0,-75,97532,0.56,0.0,0.0,0.0
1615,BeaconHill,2026-01-28 04:34:55.397,True,8.89,76.3,10.0,273650.0,0.0,0.0,400.0,0.16,0,0.0,False,False,0.0,0.0,-74,97532,0.56,0.0,0.0,0.0
1616,BeaconHill,2026-01-28 04:34:59.883,True,8.95,75.9,10.0,272994.0,0.0,0.0,400.0,0.16,0,0.0,False,True,0.0,0.0,-73,97532,0.56,0.0,0.0,0.0
1617,BeaconHill,2026-01-28 04:35:03.510,True,8.84,77.0,10.0,265560.0,0.0,0.0,400.0,0.16,0,0.0,False,False,0.0,0.0,-71,97532,0.57,0.0,0.0,0.0
1618,BeaconHill,2026-01-28 04:35:22.010,True,8.86,76.7,10.0,259701.0,0.0,0.0,400.0,0.16,0,0.0,False,True,0.0,0.0,-72,97532,0.57,0.0,0.0,0.0
1619,BeaconHill,2026-01-28 04:35:28.697,True,8.82,76.8,10.0,258717.0,0.0,0.0,400.0,0.16,0,0.0,False,False,0.0,0.0,-74,97532,0.57,0.0,0.0,0.0
1620,BeaconHill,2026-01-28 04:35:31.873,True,8.85,76.6,10.0,258521.0,0.0,0.0,400.0,0.16,0,0.0,False,True,0.0,0.0,-71,97532,0.57,0.0,0.0,0.0
1621,BeaconHill,2026-01-28 04:38:56.227,True,8.94,54.5,10.0,206577.0,0.0,0.0,400.0,0.16,0,0.0,False,False,0.0,0.0,-73,98096,0.56,0.0,0.0,0.0
1622,BeaconHill,2026-01-28 04:50:30.077,True,8.91,76.8,10.0,339861.0,0.0,0.0,400.0,0.16,0,0.0,True,False,0.0,0.0,-72,91872,0.0,0.0,-0.22,0.0
1623,BeaconHill,2026-01-28 04:51:45.573,True,8.86,74.7,10.0,296211.0,0.0,0.0,400.0,0.16,0,0.0,False,False,0.0,0.0,-71,91632,0.0,0.0,0.0,0.37
1624,BeaconHill,2026-01-28 04:52:32.077,True,8.86,75.0,10.0,284129.0,0.0,0.0,400.0,0.16,0,0.0,False,True,0.0,0.0,-69,88920,0.0,0.0,0.0,0.0
1625,BeaconHill,2026-01-28 04:52:46.627,True,8.87,75.2,10.0,279019.0,0.0,0.0,400.0,0.16,0,0.0,False,False,0.0,0.0,-69,91624,0.0,0.0,0.0,0.0
1626,BeaconHill,2026-01-28 04:52:50.030,True,8.87,75.2,10.0,279019.0,0.0,0.0,400.0,0.16,0,0.0,False,True,0.0,0.0,-72,88904,0.0,0.0,0.0,0.0
1627,BeaconHill,2026-01-28 04:52:55.297,True,8.87,75.2,10.0,279019.0,0.0,0.0,400.0,0.16,0,0.0,False,False,0.0,0.0,-72,91636,0.0,0.0,0.0,0.0
1628,BeaconHill,2026-01-28 04:59:25.257,True,8.81,77.3,10.0,194123.0,0.0,0.0,400.0,0.16,0,0.0,False,True,0.0,0.0,-80,116292,0.0,0.0,0.0,0.0
1629,BeaconHill,2026-01-28 04:59:44.227,True,8.81,77.3,10.0,194123.0,0.0,0.0,400.0,0.16,0,0.0,False,False,0.0,0.0,-78,115936,0.0,0.0,0.0,0.0
1630,BeaconHill,2026-01-28 05:59:08.197,False,7.91,80.0,10.0,203134.0,15.0,0.0,400.0,0.16,2,0.0,False,False,4.16,97.0,-75,115904,0.0,0.0,0.0,0.0
1631,BeaconHill,2026-01-28 06:29:20.943,False,7.42,80.5,10.0,205210.0,52.0,58.0,580.0,0.6,3,0.0,False,False,4.15,96.0,-81,115960,0.0,0.0,0.0,0.0
1632,BeaconHill,2026-01-28 07:29:30.987,False,6.88,81.2,10.0,211833.0,58.0,77.0,774.0,0.93,3,0.0,False,False,4.15,95.0,-80,115940,-0.14,0.0,0.0,0.0
1633,BeaconHill,2026-01-28 08:29:40.547,False,6.46,81.9,10.0,218197.0,61.0,87.0,867.0,1.15,3,0.0,False,False,4.14,94.0,-81,115848,-0.23,0.16,0.0,0.15
1634,BeaconHill,2026-01-28 08:59:49.887,False,6.42,81.8,10.0,220168.0,61.0,86.0,862.0,1.14,3,0.0,False,False,4.14,94.0,-82,115924,-0.27,0.19,0.0,0.19
1635,BeaconHill,2026-01-28 09:04:22.293,True,6.41,81.8,10.0,220026.0,61.0,88.0,881.0,1.19,3,0.0,True,False,4.14,94.0,-81,115944,-0.28,0.17,0.0,0.2
1636,BeaconHill,2026-01-28 10:00:06.297,False,6.29,82.3,10.0,223045.0,60.0,81.0,807.0,1.0,3,0.0,True,False,4.14,94.0,-82,115884,-0.31,0.15,0.0,0.25
1637,BeaconHill,2026-01-28 10:30:15.610,False,6.52,82.2,10.0,222464.0,54.0,61.0,612.0,0.64,3,0.0,True,False,4.13,93.0,-80,115888,-0.31,0.15,0.0,0.27
1638,BeaconHill,2026-01-28 11:00:25.270,False,6.72,82.1,10.0,219319.0,51.0,53.0,530.0,0.53,3,0.0,True,False,4.13,93.0,-75,115932,-0.29,0.15,0.0,0.28
1639,BeaconHill,2026-01-28 11:30:34.973,False,6.74,82.1,10.0,218337.0,51.0,52.0,518.0,0.52,3,0.0,True,False,4.13,93.0,-77,115932,-0.27,0.16,0.0,0.3
1640,BeaconHill,2026-01-28 12:00:44.537,False,6.75,82.2,10.0,217919.0,52.0,55.0,555.0,0.57,3,0.0,True,False,4.13,93.0,-78,115936,-0.24,0.16,0.0,0.3
1641,BeaconHill,2026-01-28 12:30:54.327,False,6.71,82.3,10.0,217087.0,53.0,59.0,592.0,0.62,3,0.0,True,False,4.13,92.0,-76,115928,-0.21,0.17,0.0,0.31
1642,BeaconHill,2026-01-28 13:01:04.007,False,6.84,82.7,10.0,216949.0,50.0,51.0,512.0,0.51,2,0.0,True,False,4.12,92.0,-77,115908,-0.17,0.19,0.0,0.31
1643,BeaconHill,2026-01-28 13:31:13.757,False,6.98,82.9,10.0,217502.0,50.0,50.0,500.0,0.5,2,0.0,True,False,4.12,92.0,-76,115924,-0.14,0.21,0.0,0.31
1644,BeaconHill,2026-01-28 14:01:23.330,False,7.04,82.8,10.0,215307.0,51.0,54.0,542.0,0.55,3,0.0,True,False,4.12,92.0,-76,115932,-0.1,0.22,0.0,0.31
1645,BeaconHill,2026-01-28 14:31:33.087,False,7.09,82.9,10.0,215443.0,50.0,50.0,500.0,0.5,2,0.0,True,False,4.12,91.0,-79,115968,0.0,0.24,0.0,0.31
1646,BeaconHill,2026-01-28 15:01:42.750,False,7.09,83.1,10.0,213289.0,51.0,53.0,530.0,0.54,3,0.0,True,False,4.12,91.0,-79,115896,0.0,0.26,0.0,0.31
1647,BeaconHill,2026-01-28 15:31:52.267,False,7.16,83.6,10.0,211047.0,50.0,50.0,503.0,0.5,2,0.0,True,False,4.12,91.0,-77,115924,0.0,0.27,0.0,0.3
1648,BeaconHill,2026-01-28 15:51:43.530,True,7.0,83.3,10.0,211439.0,57.0,70.0,696.0,0.78,3,0.0,False,False,4.12,91.0,-73,115828,0.0,2.19,0.0,0.3
1649,BeaconHill,2026-01-28 16:32:08.220,False,7.25,84.1,10.0,210786.0,50.0,50.0,500.0,0.5,2,0.0,False,False,4.11,91.0,-71,115864,0.0,2.17,0.0,0.29
1650,BeaconHill,2026-01-28 17:02:17.620,False,7.59,83.7,10.0,207834.0,50.0,50.0,500.0,0.5,2,0.0,False,False,4.11,91.0,-71,115836,0.13,2.16,0.0,0.28
1651,BeaconHill,2026-01-28 17:32:27.170,False,7.72,83.7,10.0,203984.0,52.0,55.0,547.0,0.56,3,0.0,False,False,4.11,91.0,-71,115884,0.18,2.15,0.0,0.27
1652,BeaconHill,2026-01-28 18:02:36.857,False,7.86,83.5,10.0,203862.0,50.0,50.0,500.0,0.5,2,0.0,False,False,4.11,90.0,-70,115956,0.23,2.14,0.0,0.25
1653,BeaconHill,2026-01-28 18:32:46.843,False,8.17,83.3,10.0,202652.0,50.0,50.0,500.0,0.5,2,0.0,False,False,4.11,90.0,-80,115924,0.27,1.38,0.0,0.24
1654,BeaconHill,2026-01-28 19:02:56.700,False,8.37,83.2,10.0,198527.0,50.0,51.0,513.0,0.51,3,0.0,False,False,4.11,90.0,-78,115916,0.32,1.38,0.0,0.23
1655,BeaconHill,2026-01-28 19:16:03.777,True,8.5,83.0,10.0,197151.0,51.0,52.0,518.0,0.52,2,0.0,True,False,4.11,90.0,-78,115928,0.35,1.39,0.0,0.22
1656,BeaconHill,2026-01-28 20:03:28.480,False,8.81,82.8,10.0,194566.0,0.0,0.0,400.0,0.16,2,0.0,False,False,4.1,90.0,-84,116000,0.7,1.28,0.0,0.0
1657,BeaconHill,2026-01-28 20:33:38.110,False,9.02,82.8,10.0,191724.0,0.0,0.0,400.0,0.16,2,0.0,False,False,4.1,90.0,-81,115988,0.71,1.28,0.0,0.0
1658,BeaconHill,2026-01-28 21:03:47.813,False,9.47,82.6,10.0,186250.0,25.0,0.0,400.0,0.16,2,0.0,False,False,4.1,89.0,-79,115928,0.74,1.27,0.0,0.0
1659,BeaconHill,2026-01-28 21:23:08.537,True,9.64,82.6,10.0,184638.0,45.0,25.0,400.0,0.28,2,0.0,False,True,4.1,89.0,-79,115952,8.58,1.27,0.0,0.0
1660,BeaconHill,2026-01-28 21:26:40.130,True,9.76,82.6,10.0,185038.0,47.0,36.0,429.0,0.36,2,0.0,False,False,4.1,89.0,-81,115940,6.87,1.27,0.0,0.0
1661,BeaconHill,2026-01-28 21:30:52.187,True,9.91,82.9,10.0,184239.0,48.0,40.0,450.0,0.4,2,0.0,False,True,4.1,89.0,-84,115932,6.14,1.26,0.0,0.0
1662,BeaconHill,2026-01-28 21:55:14.553,True,10.19,83.0,10.0,181496.0,52.0,62.0,623.0,0.66,3,0.0,True,True,4.1,89.0,-78,115936,6.17,0.16,0.0,0.0
1663,BeaconHill,2026-01-28 22:34:08.400,False,10.26,83.7,10.0,180155.0,50.0,50.0,500.0,0.5,2,0.0,True,True,4.1,89.0,-75,115900,6.21,0.18,0.0,0.0
1664,BeaconHill,2026-01-28 22:57:41.403,True,10.49,85.0,10.0,178833.0,51.0,53.0,529.0,0.53,2,0.0,False,True,4.1,89.0,-82,115932,6.23,0.16,0.0,2.44
1665,BeaconHill,2026-01-28 23:09:06.300,True,10.5,85.4,10.0,174804.0,52.0,59.0,592.0,0.62,3,0.0,True,True,4.1,89.0,-84,115920,6.25,0.14,0.0,4.08
1666,BeaconHill,2026-01-28 23:09:26.117,True,10.5,85.4,10.0,174804.0,52.0,59.0,592.0,0.62,3,0.0,False,True,4.1,89.0,-81,115876,6.28,0.12,0.0,-0.14
1667,BeaconHill,2026-01-29 00:04:29.240,False,10.52,87.2,10.0,178459.0,50.0,50.0,500.0,0.5,2,0.0,False,True,4.1,89.0,-81,115836,6.33,0.0,0.0,-0.16
1668,BeaconHill,2026-01-29 00:34:38.610,False,10.46,86.7,10.0,176066.0,55.0,77.0,769.0,0.92,3,0.0,False,True,4.1,89.0,-78,115896,6.36,0.0,0.0,-0.17
1669,BeaconHill,2026-01-29 01:01:44.797,True,10.27,86.7,10.0,176248.0,59.0,94.0,937.0,1.35,3,0.0,True,True,4.1,89.0,-83,115884,6.37,1.19,0.0,-0.17
1670,BeaconHill,2026-01-29 01:14:15.307,True,10.2,87.0,10.0,176796.0,59.0,94.0,940.0,1.36,3,0.0,False,True,4.1,89.0,-85,115932,4.79,0.27,0.0,-0.18
1671,BeaconHill,2026-01-29 01:41:19.177,True,9.94,87.3,10.0,180727.0,60.0,101.0,1005.0,1.57,3,0.0,True,True,4.1,89.0,-80,115928,4.81,10.93,0.0,-0.18
1672,BeaconHill,2026-01-29 01:41:38.900,True,9.94,87.3,10.0,180727.0,60.0,101.0,1005.0,1.57,3,0.0,False,True,4.1,89.0,-79,115676,4.81,11.72,0.0,-0.18
1673,BeaconHill,2026-01-29 02:02:10.677,True,9.72,87.4,10.0,183053.0,63.0,111.0,1109.0,1.99,3,0.0,True,True,4.1,89.0,-81,115932,5.02,8.69,0.0,0.82
1674,BeaconHill,2026-01-29 02:17:28.320,True,9.67,88.0,10.0,182077.0,62.0,108.0,1077.0,1.85,3,0.0,False,True,4.1,88.0,-80,115800,5.05,8.7,2.72,0.84
1675,BeaconHill,2026-01-29 02:17:48.247,True,9.66,88.1,10.0,182857.0,62.0,105.0,1052.0,1.75,3,0.0,True,True,4.1,88.0,-79,115836,5.02,8.02,3.74,1.03
1676,BeaconHill,2026-01-29 02:18:08.060,True,9.66,88.1,10.0,182857.0,62.0,105.0,1052.0,1.75,3,0.0,False,True,4.1,88.0,-78,115744,5.0,8.89,3.74,1.04
1677,BeaconHill,2026-01-29 02:18:58.400,True,9.66,88.1,10.0,182857.0,62.0,105.0,1052.0,1.75,3,0.0,True,True,4.1,88.0,-80,115736,4.99,8.86,3.74,1.04
1678,BeaconHill,2026-01-29 02:19:28.373,True,9.66,88.1,10.0,182857.0,62.0,105.0,1052.0,1.75,3,0.0,False,True,4.1,88.0,-78,115776,4.97,7.4,3.57,1.04
1679,BeaconHill,2026-01-29 03:04:55.920,False,9.67,87.4,10.0,181883.0,64.0,117.0,1169.0,2.28,3,0.0,False,True,4.09,88.0,-78,115828,4.97,7.37,2.52,1.07
1680,BeaconHill,2026-01-29 03:35:05.520,False,9.59,87.1,10.0,184838.0,65.0,119.0,1188.0,2.38,3,0.0,False,True,4.09,88.0,-82,115852,4.97,7.35,2.51,1.09
1681,BeaconHill,2026-01-29 04:05:15.107,False,9.57,86.7,10.0,191509.0,62.0,105.0,1048.0,1.73,3,0.0,False,True,4.09,88.0,-82,115808,4.97,7.33,2.51,1.11
1682,BeaconHill,2026-01-29 04:35:24.957,False,9.54,86.5,10.0,192156.0,63.0,108.0,1079.0,1.86,3,0.0,False,True,4.09,88.0,-82,115844,4.96,7.31,2.5,1.13
1683,BeaconHill,2026-01-29 05:05:34.460,False,9.55,86.5,10.0,183842.0,69.0,133.0,1327.0,3.26,3,0.0,False,True,4.09,88.0,-84,115848,4.96,7.3,2.5,1.14
1684,BeaconHill,2026-01-29 05:35:44.150,False,9.45,86.8,10.0,192373.0,64.0,107.0,1070.0,1.82,3,0.0,False,True,4.09,88.0,-79,115860,4.96,7.28,2.5,1.16
1685,BeaconHill,2026-01-29 06:05:54.547,False,9.37,86.8,10.0,192264.0,66.0,114.0,1142.0,2.14,3,0.0,False,True,4.09,88.0,-80,115864,4.96,7.27,2.5,1.17
1686,BeaconHill,2026-01-29 06:08:15.597,True,9.37,86.8,10.0,192264.0,66.0,114.0,1142.0,2.14,3,0.0,True,True,4.09,88.0,-80,115656,4.96,7.28,2.52,1.16
1687,BeaconHill,2026-01-29 06:35:41.067,True,9.27,88.0,10.0,192807.0,62.0,100.0,998.0,1.55,3,0.0,True,False,4.09,88.0,-85,115832,4.97,5.9,2.5,3.02
1688,BeaconHill,2026-01-29 06:36:29.903,True,9.27,88.0,10.0,192807.0,62.0,100.0,998.0,1.55,3,0.0,False,False,4.09,88.0,-82,115748,4.42,0.35,2.45,3.02
1689,BeaconHill,2026-01-29 06:36:39.653,True,9.27,88.0,10.0,192807.0,62.0,100.0,998.0,1.55,3,0.0,False,True,4.09,88.0,-86,115436,4.95,0.35,2.44,3.02
1690,BeaconHill,2026-01-29 06:38:40.423,True,9.27,88.0,10.0,192807.0,62.0,100.0,998.0,1.55,3,0.0,True,True,4.09,88.0,-78,115860,4.95,0.36,0.0,2.84
1691,BeaconHill,2026-01-29 06:39:20.460,True,9.27,88.0,10.0,192807.0,62.0,100.0,998.0,1.55,3,0.0,False,True,4.09,88.0,-77,115808,3.48,0.34,1.67,2.34
1692,BeaconHill,2026-01-29 06:40:21.063,True,9.27,88.0,10.0,192807.0,62.0,100.0,998.0,1.55,3,0.0,False,False,4.09,88.0,-83,115768,2.08,1.62,1.67,2.35
1693,BeaconHill,2026-01-29 07:36:14.797,False,9.12,86.9,10.0,191940.0,72.0,134.0,1341.0,3.37,3,0.0,False,False,4.09,87.0,-83,115836,2.08,1.11,1.68,2.35
1694,BeaconHill,2026-01-29 08:06:24.240,False,9.08,86.7,10.0,191617.0,74.0,140.0,1403.0,3.87,3,0.0,False,False,4.09,87.0,-83,115840,2.08,1.12,1.69,2.36
1695,BeaconHill,2026-01-29 08:12:09.507,True,9.07,86.7,10.0,193244.0,73.0,136.0,1363.0,3.54,3,0.0,False,True,4.09,87.0,-81,115864,2.07,1.1,1.69,2.35
1696,BeaconHill,2026-01-29 09:06:32.133,False,8.98,86.6,10.0,192481.0,76.0,145.0,1452.0,4.33,3,0.0,False,True,4.09,87.0,-79,115836,2.06,2.37,1.39,0.0
1697,BeaconHill,2026-01-29 09:36:41.757,False,8.89,86.8,10.0,192481.0,78.0,149.0,1489.0,4.71,3,0.0,False,True,4.08,87.0,-79,115848,2.04,2.37,1.35,0.0
1698,BeaconHill,2026-01-29 10:06:51.760,False,8.79,86.8,10.0,192590.0,80.0,155.0,1553.0,5.44,3,0.0,False,True,4.08,87.0,-82,115828,2.03,2.38,1.32,0.0
1699,BeaconHill,2026-01-29 10:37:01.293,False,8.7,86.7,10.0,195122.0,81.0,156.0,1562.0,5.56,3,0.0,False,True,4.08,87.0,-83,115808,2.01,2.39,1.3,0.0
1700,BeaconHill,2026-01-29 11:07:11.097,False,8.53,86.7,10.0,193244.0,87.0,175.0,1746.0,8.43,3,0.0,False,True,4.08,87.0,-84,115848,2.0,2.4,1.27,0.0
1701,BeaconHill,2026-01-29 11:37:20.663,False,8.39,87.1,10.0,193903.0,89.0,178.0,1775.0,9.01,3,0.0,False,True,4.08,87.0,-81,115868,1.98,2.41,1.26,0.0
1702,BeaconHill,2026-01-29 12:07:30.257,False,8.41,87.5,10.0,195906.0,84.0,159.0,1594.0,5.98,3,0.0,False,True,4.08,86.0,-80,115884,1.97,2.42,1.24,0.0
1703,BeaconHill,2026-01-29 12:37:39.990,False,8.36,87.3,10.0,194677.0,88.0,170.0,1698.0,7.56,3,0.0,False,True,4.08,86.0,-74,115836,1.96,2.43,1.23,0.1
1704,BeaconHill,2026-01-29 13:07:49.667,False,8.4,87.7,10.0,198066.0,82.0,147.0,1470.0,4.51,3,0.0,False,True,4.08,86.0,-82,115812,1.94,2.45,1.22,0.11
1705,BeaconHill,2026-01-29 13:37:59.237,False,8.44,87.6,10.0,196923.0,82.0,147.0,1465.0,4.46,3,0.0,False,True,4.08,86.0,-80,115752,1.94,2.46,1.21,0.12
1706,BeaconHill,2026-01-29 14:08:08.877,False,8.43,87.3,10.0,195569.0,85.0,154.0,1539.0,5.28,3,0.0,False,True,4.07,86.0,-82,115844,1.93,2.47,1.2,0.12
1707,BeaconHill,2026-01-29 14:38:18.547,False,8.37,87.3,10.0,195010.0,88.0,159.0,1593.0,5.96,3,0.0,False,True,4.07,86.0,-82,115856,1.93,2.48,1.2,0.13
1708,BeaconHill,2026-01-29 15:08:28.483,False,8.36,87.0,10.0,186453.0,99.0,189.0,1894.0,11.79,3,0.0,False,True,4.07,86.0,-83,115824,1.93,2.48,1.19,0.13
1709,BeaconHill,2026-01-29 15:38:38.210,False,8.41,86.8,10.0,187066.0,98.0,183.0,1835.0,10.32,3,0.0,False,True,4.07,86.0,-78,115840,1.93,2.49,1.19,0.14
1710,BeaconHill,2026-01-29 16:08:47.843,False,8.42,86.8,10.0,183447.0,102.0,192.0,1917.0,12.43,3,0.0,False,True,4.07,86.0,-77,115836,1.94,2.49,1.19,0.14
1711,BeaconHill,2026-01-29 16:38:57.397,False,8.53,86.8,10.0,182077.0,100.0,182.0,1817.0,9.9,3,0.0,False,True,4.07,85.0,-79,115812,1.95,2.5,1.18,0.14
1712,BeaconHill,2026-01-29 17:09:07.103,False,8.78,86.6,10.0,182661.0,91.0,157.0,1573.0,5.7,3,0.0,False,True,4.07,85.0,-79,115880,1.97,2.5,1.18,0.14
1713,BeaconHill,2026-01-29 17:39:16.773,False,9.04,86.1,10.0,181883.0,86.0,142.0,1419.0,4.02,3,0.0,False,True,4.07,85.0,-81,115820,2.0,2.5,1.18,0.13
1714,BeaconHill,2026-01-29 18:09:26.433,False,9.23,86.1,10.0,180536.0,80.0,126.0,1257.0,2.78,3,0.0,False,True,4.07,85.0,-82,115832,2.03,2.5,1.17,0.12
1715,BeaconHill,2026-01-29 18:39:35.977,False,9.37,86.0,10.0,176248.0,81.0,127.0,1268.0,2.85,3,0.0,False,True,4.07,85.0,-86,115848,2.06,2.49,1.17,0.11
1716,BeaconHill,2026-01-29 19:09:45.927,False,9.81,85.7,10.0,174446.0,69.0,95.0,951.0,1.39,3,0.0,False,True,4.06,85.0,-83,115860,2.25,2.44,1.18,0.0
1717,BeaconHill,2026-01-29 19:10:36.053,True,9.81,85.7,10.0,174446.0,69.0,95.0,951.0,1.39,3,0.0,False,False,4.06,85.0,-85,115872,2.46,2.42,0.0,0.0
1718,BeaconHill,2026-01-29 20:10:01.843,False,10.78,84.9,10.0,178087.0,50.0,50.0,500.0,0.5,2,0.0,False,False,4.07,85.0,-76,115828,2.71,2.38,0.0,0.0
1719,BeaconHill,2026-01-29 20:40:11.320,False,10.7,85.2,10.0,176979.0,52.0,55.0,555.0,0.57,3,0.0,False,False,4.06,84.0,-81,115832,2.76,2.35,0.0,0.0
1720,BeaconHill,2026-01-29 21:10:20.737,False,10.62,85.4,10.0,179021.0,51.0,53.0,529.0,0.53,3,0.0,False,False,4.06,84.0,-81,115868,2.81,2.32,0.0,0.0
1721,BeaconHill,2026-01-29 21:19:05.673,True,10.61,85.5,10.0,180727.0,50.0,50.0,500.0,0.5,2,0.0,True,False,4.06,84.0,-79,115784,2.84,2.32,0.0,0.0
1722,BeaconHill,2026-01-29 21:33:13.613,True,10.66,85.8,10.0,174804.0,54.0,59.0,594.0,0.62,3,0.0,True,True,4.06,84.0,-77,115856,2.85,2.3,0.0,0.0
